序号,转换后JH,JX,dy➗dx
778,B16-X19,0,0
779,B16-X19,0.44,0.038194444
780,B16-X19,0.38,-0.002139037
781,B16-X19,0.35,-0.001087745
782,B16-X19,0.62,0.009571074
783,B16-X19,1.36,0.026494808
784,B16-X19,1.88,0.056768559
785,B16-X19,2.23,0.036997886
786,B16-X19,2.55,0.034820457
787,B16-X19,3.05,0.052029136
788,B16-X19,3.62,0.059436913
789,B16-X19,4.13,0.05334728
790,B16-X19,5.22,0.114857745
791,B16-X19,6.22,0.104275287
792,B16-X19,7.21,0.102590674
793,B16-X19,8.21,0.106269926
794,B16-X19,9.22,0.104554865
795,B16-X19,10.21,0.10301769
796,B16-X19,11.3,0.113541667
797,B16-X19,12.45,0.119294606
798,B16-X19,13.48,0.107068607
799,B16-X19,14.55,0.111342352
800,B16-X19,15.52,0.101041667
801,B16-X19,16.69,0.123678647
802,B16-X19,17.71,0.10748156
803,B16-X19,18.77,0.111578947
804,B16-X19,19.62,0.08994709
805,B16-X19,20.71,0.113423517
806,B16-X19,21.75,0.107883817
807,B16-X19,22.77,0.106360792
808,B16-X19,23.92,0.11954262
809,B16-X19,24.92,0.10373444
810,B16-X19,25.85,0.096673597
811,B16-X19,26.74,0.092515593
812,B16-X19,27.53,0.082206035
813,B16-X19,27.19,-0.063789869
814,B16-X19,26.87,-0.063492063
815,B16-X19,26.81,-0.006362672
816,B16-X19,26.64,-0.017801047
817,B16-X19,26.46,-0.01875
818,B16-X19,27.53,0.112394958
819,B16-X19,28.58,0.108921162
820,B16-X19,29.82,0.128364389
821,B16-X19,30.95,0.118077325
822,B16-X19,32.01,0.108941418
823,B16-X19,35.44,0.119637251
824,B16-X19,36.32,0.091003102
825,B16-X19,35.86,-0.016016713
826,B16-X19,35.24,-0.021535255
827,B16-X19,34.58,-0.023076923
828,B16-X19,37.27,0.093111803
829,B16-X19,36.82,-0.015668524
830,B16-X19,36.39,-0.014899515
831,B16-X19,35.98,-0.014211438
832,B16-X19,35.51,-0.016382015
833,B16-X19,35.07,-0.015416959
834,B16-X19,36.34,0.04406662
835,B16-X19,36,-0.011871508
836,B16-X19,35.68,-0.011145942
837,B16-X19,35.24,-0.015277778
838,B16-X19,38.02,0.09693166
839,B16-X19,38.5,0.016672456
840,B16-X19,38.5,0
841,B16-X19,37.75,-0.025951557
842,B16-X19,37.53,-0.007638889
843,B16-X19,36.65,-0.030662021
844,B16-X19,36.1,-0.019277953
845,B16-X19,35.51,-0.020514604
846,B16-X19,37.49,0.068726137
847,B16-X19,37.23,-0.009068713
848,B16-X19,36.96,-0.009401114
849,B16-X19,37.31,0.012152778
850,B16-X19,37.71,0.013981125
851,B16-X19,36.74,-0.033963585
852,B16-X19,36.41,-0.011550578
853,B16-X19,36.08,-0.011422638
854,B16-X19,35.82,-0.008962427
855,B16-X19,36.65,0.02862069
856,B16-X19,36.21,-0.015352408
857,B16-X19,37,0.027593433
858,B16-X19,36.39,-0.021531945
859,B16-X19,35.82,-0.019909186
860,B16-X19,35.43,-0.013727561
861,B16-X19,35.07,-0.012495661
862,B16-X19,36.1,0.03593859
863,B16-X19,36.78,0.023652174
864,B16-X19,36.51,-0.00943726
865,B16-X19,36.34,-0.005952381
866,B16-X19,36.01,-0.011514306
867,B16-X19,35.86,-0.005265005
868,B16-X19,35.86,0
869,B16-X19,35.95,0.003043625
870,B16-X19,36.19,0.008391608
871,B16-X19,36.47,0.009749304
872,B16-X19,36.47,0
873,B16-X19,36.47,0
874,B16-X19,36.56,0.003129346
875,B16-X19,36.74,0.006247831
876,B16-X19,37.62,0.030534351
877,B16-X19,38.14,0.018124782
878,B16-X19,37.88,-0.008971705
879,B16-X19,38.63,0.026196298
880,B16-X19,38.69,0.002110447
881,B16-X19,38.76,0.002437326
882,B16-X19,38.38,-0.013217391
883,B16-X19,38.19,-0.006620209
884,B16-X19,38,-0.006599514
885,B16-X19,37.79,-0.007304348
886,B16-X19,37.52,-0.009361997
887,B16-X19,37.4,-0.004216444
888,B16-X19,36.96,-0.015341702
889,B16-X19,36.17,-0.027593433
890,B16-X19,35.46,-0.024903543
891,B16-X19,34.8,-0.022908712
892,B16-X19,33.49,-0.045423024
893,B16-X19,34.58,0.037847222
894,B16-X19,35.68,0.038062284
895,B16-X19,36.04,0.012530456
896,B16-X19,36.39,0.012280702
897,B16-X19,35.16,-0.042782609
898,B16-X19,34.94,-0.007681564
899,B16-X19,35.29,0.012289326
900,B16-X19,35.11,-0.006271777
901,B16-X19,34.54,-0.019764216
902,B16-X19,33.57,-0.033715676
903,B16-X19,34.89,0.046380885
904,B16-X19,36.12,0.042976939
905,B16-X19,35.42,-0.024424285
906,B16-X19,34.98,-0.015482055
907,B16-X19,33.44,-0.053472222
908,B16-X19,33.97,0.01851205
909,B16-X19,35.77,0.062565172
910,B16-X19,35.02,-0.025924646
911,B16-X19,34.94,-0.002777778
912,B16-X19,33.93,-0.034827586
913,B16-X19,33.13,-0.027681661
914,B16-X19,32.65,-0.01676563
915,B16-X19,33.57,0.031889081
916,B16-X19,34.79,0.049094567
917,B16-X19,34.98,0.04859335
918,B16-X19,34.72,-0.009090909
919,B16-X19,33.79,-0.032483409
920,B16-X19,32.87,-0.031800899
921,B16-X19,33.99,0.039078856
922,B16-X19,36.06,0.071626298
923,B16-X19,35.99,-0.002438175
924,B16-X19,35.46,-0.018473336
925,B16-X19,35.33,-0.004529617
926,B16-X19,35.33,0
927,B16-X19,35.51,0.006295908
928,B16-X19,35.73,0.007676204
929,B16-X19,35.88,0.012975779
930,B16-X19,35.88,0
1883,B16-X32,0,
1884,B16-X32,0.16,0.005369128
1885,B16-X32,0.23,0.00239726
1886,B16-X32,0.31,0.002837886
1887,B16-X32,1.62,0.07115698
1888,B16-X32,2.59,0.104978355
1889,B16-X32,6.15,0.129266521
1890,B16-X32,9.4,0.117796303
1891,B16-X32,11.34,0.07082877
1892,B16-X32,12.02,0.074807481
1893,B16-X32,12.73,0.077936334
1894,B16-X32,13.36,0.06870229
1895,B16-X32,14.13,0.082352941
1896,B16-X32,14.86,0.076359833
1897,B16-X32,15.47,0.063343718
1898,B16-X32,16.18,0.074736842
1899,B16-X32,16.81,0.066737288
1900,B16-X32,17.53,0.075550892
1901,B16-X32,18.12,0.062433862
1902,B16-X32,18.63,0.053069719
1903,B16-X32,19.07,0.045881126
1904,B16-X32,19.81,0.077731092
1905,B16-X32,20.82,0.105427975
1906,B16-X32,21.8,0.102403344
1907,B16-X32,23.01,0.125649013
1908,B16-X32,24.16,0.119667014
1909,B16-X32,25.43,0.132154006
1910,B16-X32,26.64,0.126701571
1911,B16-X32,27.84,0.125523013
1912,B16-X32,29.12,0.133611691
1913,B16-X32,30.21,0.115221987
1914,B16-X32,31.47,0.130165289
1915,B16-X32,32.64,0.12407211
1916,B16-X32,33.9,0.131113424
1917,B16-X32,35.12,0.126293996
1918,B16-X32,36.36,0.128898129
1919,B16-X32,37.55,0.124346917
1920,B16-X32,38.83,0.132231405
1921,B16-X32,40.01,0.122661123
1922,B16-X32,41.22,0.12710084
1923,B16-X32,42.45,0.127593361
1924,B16-X32,43.6,0.120925342
1925,B16-X32,44.53,0.096573209
1926,B16-X32,45.46,0.096473029
1927,B16-X32,46.41,0.100956429
1928,B16-X32,47.64,0.049160671
1929,B16-X32,46.98,-0.030841121
1930,B16-X32,46.23,-0.026260504
1931,B16-X32,46.19,-0.001397624
1932,B16-X32,46.17,-0.000697593
1933,B16-X32,46.14,-0.001041667
1934,B16-X32,45.89,-0.008689607
1935,B16-X32,45.65,-0.008382815
1936,B16-X32,45.4,-0.008686588
1937,B16-X32,45.86,0.016022292
1938,B16-X32,46.45,0.020536025
1939,B16-X32,46.72,0.009378256
1940,B16-X32,46.98,0.009065551
1941,B16-X32,46.96,-0.00070028
1942,B16-X32,46.92,-0.001384562
1943,B16-X32,46.89,-0.001036269
1944,B16-X32,46.92,0.001046025
1945,B16-X32,46.95,0.001049685
1946,B16-X32,46.98,0.001041667
1947,B16-X32,46.98,0
1948,B16-X32,47.75,0.027017544
1949,B16-X32,48.63,0.030736989
1950,B16-X32,49.57,0.032729805
1951,B16-X32,49.39,-0.006232687
1952,B16-X32,47.5,-0.066130161
1953,B16-X32,47.22,-0.009852217
1954,B16-X32,46.93,-0.010186161
1955,B16-X32,46.83,-0.003467406
1956,B16-X32,46.71,-0.00418702
1957,B16-X32,46.52,-0.006583507
1958,B16-X32,46.36,-0.005574913
1959,B16-X32,47.38,0.035701785
1960,B16-X32,47.42,0.001343183
1961,B16-X32,47.84,0.014649459
1962,B16-X32,48.34,0.017385257
1963,B16-X32,50.14,0.062981106
1964,B16-X32,48.52,-0.056406685
1965,B16-X32,48.38,-0.004874652
1966,B16-X32,48.69,0.010842952
1967,B16-X32,47.33,-0.04750262
1968,B16-X32,48.2,0.030590717
1969,B16-X32,49.04,0.029136316
1970,B16-X32,47.71,-0.045862069
1971,B16-X32,46.63,-0.037643778
1972,B16-X32,48.05,0.04940849
1973,B16-X32,49.44,0.048280653
1974,B16-X32,48.03,-0.049300699
1975,B16-X32,47.11,-0.032122905
1976,B16-X32,49.43,0.081147254
1977,B16-X32,51.77,0.081221798
1978,B16-X32,50.23,-0.053583855
1979,B16-X32,48.4,-0.063475546
1980,B16-X32,47.37,-0.054153523
1981,B16-X32,46.41,-0.033402923
1982,B16-X32,45.75,-0.023004531
1983,B16-X32,44.96,-0.027307293
1984,B16-X32,45.31,0.01216968
1985,B16-X32,46.71,0.048951049
1986,B16-X32,47.33,0.02140145
1987,B16-X32,47.86,0.018370884
1988,B16-X32,47.33,-0.018550928
1989,B16-X32,47.29,-0.001387444
1990,B16-X32,47.81,0.018086957
1991,B16-X32,50.02,0.076789437
1992,B16-X32,50.32,0.010500525
1993,B16-X32,50.67,0.012203626
1994,B16-X32,50.98,0.01074896
1995,B16-X32,51.06,0.002774887
1996,B16-X32,51.5,0.015272475
1997,B16-X32,51.99,0.01703163
1998,B16-X32,52.73,0.025605536
1999,B16-X32,52.21,-0.018258427
2000,B16-X32,49.97,-0.077777778
2001,B16-X32,49.66,-0.010730357
2002,B16-X32,49.66,0
2003,B16-X32,49.66,0
2004,B16-X32,49.6,-0.002096436
2005,B16-X32,49.22,-0.013263525
2006,B16-X32,48.95,-0.009365245
2007,B16-X32,48.65,-0.010413051
2008,B16-X32,48.65,0
2009,B16-X32,48.65,0
2010,B16-X32,48.62,-0.001041305
2011,B16-X32,48.6,-0.000699301
2012,B16-X32,48.27,-0.011442441
2013,B16-X32,48.03,-0.008424008
2014,B16-X32,47.52,-0.017683773
2015,B16-X32,47.15,-0.012869565
2016,B16-X32,47.48,0.011402903
2017,B16-X32,47.72,0.009995835
2018,B16-X32,47.77,0.010638298
2019,B16-X32,48.26,0.017144857
2020,B16-X32,48.75,0.017114914
2021,B16-X32,49.21,0.016106443
2022,B16-X32,49.63,0.014588399
2023,B16-X32,49.72,0.005451242
2024,B16-X32,49.72,0
4480,B64-X48,0.7,
4481,B64-X48,0.36,-0.017754569
4482,B64-X48,0.53,0.00595864
4483,B64-X48,0.35,-0.006267409
4484,B64-X48,0.1,-0.008674532
4485,B64-X48,0.22,0.004217926
4486,B64-X48,1.1,0.030534351
4487,B64-X48,0.8,-0.010485844
4488,B64-X48,0.7,-0.003507541
4489,B64-X48,0.7,0
4490,B64-X48,0.79,0.00315568
4491,B64-X48,0.88,0.003133705
4492,B64-X48,0.72,-0.005677786
4493,B64-X48,0.57,-0.005192108
4494,B64-X48,0.68,0.00381547
4495,B64-X48,0.79,0.003827418
4496,B64-X48,0.85,0.00209278
4497,B64-X48,0.92,0.002430556
4498,B64-X48,0.98,0.002088409
4499,B64-X48,1.05,0.002413793
4500,B64-X48,1.04,-0.000347102
4501,B64-X48,1.05,0.000346141
4502,B64-X48,0.4,-0.022632312
4503,B64-X48,0.41,0.000348675
4504,B64-X48,0.44,0.001045661
4505,B64-X48,0.31,-0.004517026
4506,B64-X48,0.22,-0.003138075
4507,B64-X48,0.21,-0.00035014
4508,B64-X48,0.22,0.000348554
4509,B64-X48,0.31,0.003127172
4510,B64-X48,0.4,0.003147954
4511,B64-X48,0.41,0.00034662
4512,B64-X48,0.44,0.001048218
4513,B64-X48,0.53,0.003127172
4514,B64-X48,0.63,0.003481894
4515,B64-X48,0.72,0.00311311
4516,B64-X48,0.79,0.002433936
4517,B64-X48,0.78,-0.00034626
4518,B64-X48,1.32,0.018743492
4519,B64-X48,2.68,0.141666667
4520,B64-X48,5.33,0.138743455
4521,B64-X48,9.67,0.151377747
4522,B64-X48,14.15,0.156369983
4523,B64-X48,18.81,0.161693269
4524,B64-X48,21.5,0.093565217
4525,B64-X48,22.1,0.020898642
4526,B64-X48,23,0.031501575
4527,B64-X48,24.7,0.059109875
4528,B64-X48,25.2,0.017307027
4529,B64-X48,27.25,0.071728481
4530,B64-X48,27.86,0.020969405
4531,B64-X48,28.74,0.030812325
4532,B64-X48,29.53,0.02741152
4533,B64-X48,30.76,0.042901988
4534,B64-X48,30.4,-0.012539185
4535,B64-X48,30.7,0.010413051
4536,B64-X48,31.38,0.02364395
4537,B64-X48,31.6,0.007617729
4538,B64-X48,31.6,0
4539,B64-X48,31.6,0
4540,B64-X48,31.64,0.001392758
4541,B64-X48,31.68,0.001383604
4542,B64-X48,31.82,0.004867872
4543,B64-X48,32.3,0.016620499
4544,B64-X48,32.43,0.004512322
4545,B64-X48,32.7,0.009407666
4546,B64-X48,32.98,0.009783368
4547,B64-X48,33.4,0.014593468
4548,B64-X48,34.04,0.022284123
4549,B64-X48,34.68,0.022206801
4550,B64-X48,35.78,0.038367632
4551,B64-X48,36.8,0.03554007
4552,B64-X48,38.16,0.046896552
4553,B64-X48,38.76,0.020884093
4554,B64-X48,39.36,0.020949721
4555,B64-X48,39.76,0.013961606
4556,B64-X48,39.8,0.003824092
5804,B64-X63,0,
5805,B64-X63,0.2,0.012430081
5806,B64-X63,0.2,0
5807,B64-X63,0.18,-0.00069979
5808,B64-X63,0.12,-0.002089864
5809,B64-X63,0.25,0.004556607
5810,B64-X63,0.31,0.002098636
5811,B64-X63,0.4,0.003151261
5812,B64-X63,0.57,0.007932804
5813,B64-X63,0.7,0.004523312
5814,B64-X63,0.75,0.001737318
5815,B64-X63,0.8,0.001739736
5816,B64-X63,0.8,0
5817,B64-X63,0.8,0
5818,B64-X63,0.9,0.003484321
5819,B64-X63,1,0.003474635
5820,B64-X63,1,0
5821,B64-X63,0.9,-0.003474635
5822,B64-X63,0.8,-0.003478261
5823,B64-X63,0.7,-0.003475843
5824,B64-X63,0.7,0
5825,B64-X63,0.8,0.003480682
5826,B64-X63,0.7,-0.003485535
5827,B64-X63,0.8,0.003480682
5828,B64-X63,0.6,-0.006966214
5829,B64-X63,0.8,0.006958942
5830,B64-X63,0.5,-0.010445682
5831,B64-X63,0.7,0.00694927
5832,B64-X63,0.6,-0.003484321
5833,B64-X63,0.5,-0.003483107
5834,B64-X63,0.4,-0.003480682
5835,B64-X63,0.5,0.003472222
5836,B64-X63,0.8,0.010438413
5837,B64-X63,1,0.006961364
5838,B64-X63,1,0
5839,B64-X63,0.7,-0.010449321
5840,B64-X63,0.7,0
5841,B64-X63,0.6,-0.003473428
5842,B64-X63,0.6,0
5843,B64-X63,0.4,-0.00694927
5844,B64-X63,1.6,0.04173913
5845,B64-X63,6.1,0.156467316
5846,B64-X63,10.3,0.145934677
5847,B64-X63,14,0.128695652
5848,B64-X63,17.9,0.135510771
5849,B64-X63,21.5,0.12526096
5850,B64-X63,23,0.052119527
5851,B64-X63,23.1,0.003474635
5852,B64-X63,24.4,0.045217391
5853,B64-X63,24.8,0.013888889
5854,B64-X63,24.7,-0.003475843
5855,B64-X63,24.6,-0.003483107
5856,B64-X63,25.3,0.024297119
5857,B64-X63,25.8,0.017367141
5858,B64-X63,26.1,0.0104639
5859,B64-X63,26.1,0
5860,B64-X63,25.7,-0.013913043
5861,B64-X63,25.5,-0.006951686
5862,B64-X63,27,0.052246604
5863,B64-X63,27,0
5864,B64-X63,26.8,-0.006958942
5865,B64-X63,27.4,0.020833333
5866,B64-X63,27.6,0.006954103
5867,B64-X63,26.9,-0.024305556
5868,B64-X63,27.5,0.020847811
5869,B64-X63,28.4,0.031337047
5870,B64-X63,28,-0.013898541
5871,B64-X63,27.6,-0.013913043
5872,B64-X63,27.9,0.0104639
5873,B64-X63,28.2,0.010460251
5874,B64-X63,27.7,-0.017427675
5875,B64-X63,27.2,-0.017391304
5876,B64-X63,27.3,0.003473428
5877,B64-X63,26.9,-0.013956734
5878,B64-X63,26.2,-0.024347826
5879,B64-X63,28.1,0.066086957
5880,B64-X63,27.1,-0.034758429
5881,B64-X63,27.6,0.017403411
5882,B64-X63,27.7,0.003484321
5883,B64-X63,27.2,-0.017403411
5884,B64-X63,26.3,-0.031271716
5885,B64-X63,25.3,-0.034843206
5886,B64-X63,25.6,0.010427529
5887,B64-X63,25.5,-0.003477051
5888,B64-X63,26,0.017355085
5889,B64-X63,26.3,0.010442047
5890,B64-X63,26.4,0.003475843
5891,B64-X63,26.5,0.003501401
6066,B64-X66,0,
6067,B64-X66,0.2,0.014716703
6068,B64-X66,0.28,0.002793296
6069,B64-X66,0.09,-0.006648006
6070,B64-X66,0.12,0.001044932
6071,B64-X66,0.47,0.012267788
6072,B64-X66,0.3,-0.005946135
6073,B64-X66,0.64,0.011904762
6074,B64-X66,0.5,-0.005531411
6075,B64-X66,0.5,0
6076,B64-X66,0.6,0.003474635
6077,B64-X66,0.6,0
6078,B64-X66,0.7,0.003478261
6079,B64-X66,0.9,0.006954103
6080,B64-X66,0.8,-0.003484321
6081,B64-X66,0.9,0.003474635
6082,B64-X66,0.8,-0.003485535
6083,B64-X66,0.7,-0.003474635
6084,B64-X66,0.9,0.006956522
6085,B64-X66,0.5,-0.013903372
6086,B64-X66,0.2,-0.010449321
6087,B64-X66,0.3,0.003480682
6088,B64-X66,0.2,-0.003485535
6089,B64-X66,0.2,0
6090,B64-X66,0.2,0
6091,B64-X66,0.3,0.003479471
6092,B64-X66,0.3,0
6093,B64-X66,0.2,-0.003474635
6094,B64-X66,0.1,-0.003484321
6095,B64-X66,0.2,0.003483107
6096,B64-X66,0.4,0.006961364
6097,B64-X66,0.3,-0.003472222
6098,B64-X66,0.2,-0.003479471
6099,B64-X66,0.5,0.010442047
6100,B64-X66,0.6,0.003473428
6101,B64-X66,0.7,0.003483107
6102,B64-X66,0.6,-0.003484321
6103,B64-X66,0.6,0
6104,B64-X66,0.6,0
6105,B64-X66,0.7,0.003474635
6106,B64-X66,0.7,0
6107,B64-X66,0.6,-0.003477051
6108,B64-X66,0.7,0.003474635
6109,B64-X66,0.7,0
6110,B64-X66,0.7,0
6111,B64-X66,1,0.010438413
6112,B64-X66,1,0
6113,B64-X66,1.2,0.00694927
6114,B64-X66,1.3,0.003478261
6115,B64-X66,1.7,0.013888889
6116,B64-X66,1.7,0
6117,B64-X66,1.8,0.003483107
6118,B64-X66,1.9,0.003471017
6119,B64-X66,1.7,-0.006946857
6120,B64-X66,1.7,0
6121,B64-X66,1.7,0
6122,B64-X66,1.4,-0.010434783
6123,B64-X66,1.4,0
6124,B64-X66,1.6,0.006966214
6125,B64-X66,1.7,0.003478261
6126,B64-X66,1.5,-0.006958942
6127,B64-X66,1.6,0.003472222
6128,B64-X66,1.6,0
6129,B64-X66,2.4,0.027777778
6130,B64-X66,5.7,0.11466296
6131,B64-X66,8.8,0.107938719
6132,B64-X66,11.9,0.10771369
6133,B64-X66,15.2,0.114782609
6134,B64-X66,19.5,0.14998256
6135,B64-X66,23.7,0.146443515
6136,B64-X66,28.2,0.156849076
6137,B64-X66,28.3,0.003478261
6138,B64-X66,28,-0.010420285
6139,B64-X66,27.5,-0.017445918
6140,B64-X66,26.8,-0.024347826
6141,B64-X66,25.9,-0.031304348
6142,B64-X66,25.3,-0.020855057
6143,B64-X66,25,-0.010442047
6144,B64-X66,26.5,0.052264808
6145,B64-X66,26.4,-0.003480682
6146,B64-X66,26,-0.013898541
6147,B64-X66,25.7,-0.010452962
6148,B64-X66,25,-0.0243309
6149,B64-X66,24.9,-0.003477051
6150,B64-X66,24.6,-0.010413051
6151,B64-X66,24,-0.020884093
6152,B64-X66,24,0
6410,B64-X70,0,
6411,B64-X70,0.26,0.008724832
6412,B64-X70,0.35,0.003107735
6413,B64-X70,0.48,0.004739336
6414,B64-X70,0.6,0.004307251
6415,B64-X70,0.75,0.005343783
6416,B64-X70,0.69,-0.002144389
6417,B64-X70,0.62,-0.002514368
6418,B64-X70,0.46,-0.005702067
6419,B64-X70,0.31,-0.005213764
6420,B64-X70,0.25,-0.002088409
6421,B64-X70,0.22,-0.002542373
6422,B64-X70,0.33,0.004403523
6423,B64-X70,0.56,0.011935651
6424,B64-X70,0.79,0.011991658
6425,B64-X70,0.62,-0.005900729
6426,B64-X70,0.51,-0.003803596
6427,B64-X70,0.44,-0.002439024
6428,B64-X70,1.56,0.118018967
6429,B64-X70,2.28,0.074688797
6430,B64-X70,3.69,0.148109244
6431,B64-X70,5.27,0.165445026
6432,B64-X70,6.92,0.170807453
6433,B64-X70,8.53,0.167185877
6434,B64-X70,9.95,0.148070907
6435,B64-X70,11.46,0.158280922
6436,B64-X70,12.79,0.137966805
6437,B64-X70,14.28,0.156512605
6438,B64-X70,15.83,0.160455487
6439,B64-X70,17.36,0.159375
6440,B64-X70,18.43,0.110880829
6441,B64-X70,19.49,0.111932418
6442,B64-X70,20.52,0.108193277
6443,B64-X70,21.57,0.109147609
6444,B64-X70,22.6,0.10876452
6445,B64-X70,23.64,0.107772021
6446,B64-X70,25.23,0.164937759
6447,B64-X70,27.04,0.186597938
6448,B64-X70,28.74,0.176348548
6449,B64-X70,29.91,0.121243523
6450,B64-X70,31.03,0.116303219
6451,B64-X70,32.17,0.118012422
6452,B64-X70,35.33,0.109798471
6453,B64-X70,35.17,-0.005590496
6454,B64-X70,35.02,-0.005257624
6455,B64-X70,34.94,-0.002783577
6456,B64-X70,34.59,-0.011876485
6457,B64-X70,34.23,-0.012530456
6458,B64-X70,36.12,0.065556712
6459,B64-X70,35.82,-0.010504202
6460,B64-X70,35.38,-0.015315002
6461,B64-X70,35.07,-0.01077886
6462,B64-X70,34.72,-0.012280702
6463,B64-X70,36.65,0.067200557
6464,B64-X70,36.06,-0.020679986
6465,B64-X70,35.51,-0.019050918
6466,B64-X70,35.39,-0.004176819
6467,B64-X70,35.24,-0.005215577
6468,B64-X70,35.06,-0.006298111
6469,B64-X70,35.16,0.00348675
6470,B64-X70,37.97,0.096863151
6471,B64-X70,38.16,0.006560773
6472,B64-X70,38.14,-0.000690846
6473,B64-X70,38.03,-0.00385289
6474,B64-X70,37.92,-0.003823427
6475,B64-X70,37.9,-0.00069808
6476,B64-X70,37.89,-0.000346981
6477,B64-X70,37.88,-0.000352113
6478,B64-X70,37.93,0.001741553
6479,B64-X70,37.97,0.001402525
6480,B64-X70,37.82,-0.005206526
6481,B64-X70,37.66,-0.005542085
6482,B64-X70,38.35,0.024016707
6483,B64-X70,39.02,0.02337753
6484,B64-X70,37.09,-0.064961292
6485,B64-X70,37.25,0.005542085
6486,B64-X70,37.4,0.005252101
6487,B64-X70,38.23,0.028980447
6488,B64-X70,38.32,0.003131524
6489,B64-X70,38.76,0.01533101
6490,B64-X70,36.78,-0.069061737
6491,B64-X70,36.85,0.002425502
6492,B64-X70,36.78,-0.002442428
6493,B64-X70,36.71,-0.002442428
6494,B64-X70,36.65,-0.002088409
6495,B64-X70,36.93,0.009756098
6496,B64-X70,37.22,0.01017187
6497,B64-X70,37.95,0.025417827
6498,B64-X70,38.72,0.026643599
6499,B64-X70,37.92,-0.027894003
6500,B64-X70,37.88,-0.001395673
6501,B64-X70,37.97,0.003131524
6502,B64-X70,37.66,-0.010797631
6503,B64-X70,37.52,-0.004845967
6504,B64-X70,37.4,-0.004152249
6505,B64-X70,37.05,-0.012199373
6506,B64-X70,36.65,-0.013884068
6507,B64-X70,36.74,0.003145753
6508,B64-X70,36.78,0.001390337
6509,B64-X70,36.56,-0.007751938
6510,B64-X70,36.3,-0.009056078
6511,B64-X70,36.34,0.001388889
6512,B64-X70,36.04,-0.010596962
6513,B64-X70,35.95,-0.00315568
6514,B64-X70,35.38,-0.019668737
6515,B64-X70,35.82,0.015315002
6516,B64-X70,35.33,-0.017168886
6517,B64-X70,34.83,-0.017618041
6518,B64-X70,34.28,-0.019170443
6519,B64-X70,33.53,-0.02587099
6520,B64-X70,32.76,-0.026533425
6521,B64-X70,32.08,-0.023685127
6522,B64-X70,29,-0.106944444
6523,B64-X70,27.38,-0.056663169
6524,B64-X70,29.14,0.061153579
6525,B64-X70,29.79,0.022468026
6526,B64-X70,28.43,-0.047222222
6527,B64-X70,27.51,-0.032033426
6528,B64-X70,27.2,-0.010801394
6529,B64-X70,26.89,-0.010820244
6530,B64-X70,25.97,-0.032033426
6531,B64-X70,26.37,0.014005602
6532,B64-X70,26.5,0.004506066
6533,B64-X70,27.05,0.019163763
6534,B64-X70,27.15,0.019417476
6535,B64-X70,27.6,0.019189765
6536,B64-X70,28.19,0.020507473
6537,B64-X70,28.78,0.020457698
6538,B64-X70,28.93,0.007878151
6539,B64-X70,29.16,0.011997913
6540,B64-X70,29.53,0.015289256
6541,B64-X70,29.53,0
6542,B64-X71,0,
6543,B64-X71,0.52,0.017449664
6544,B64-X71,0.62,0.003453039
6545,B64-X71,0.66,0.001458257
6546,B64-X71,0.7,0.00143575
6547,B64-X71,1.41,0.025293908
6548,B64-X71,2.28,0.09375
6549,B64-X71,3.17,0.095187166
6550,B64-X71,3.96,0.084491979
6551,B64-X71,5.13,0.126077586
6552,B64-X71,6.29,0.124731183
6553,B64-X71,7.43,0.123110151
6554,B64-X71,8.87,0.155507559
6555,B64-X71,10.26,0.148187633
6556,B64-X71,11.65,0.147558386
6557,B64-X71,13.16,0.155030801
6558,B64-X71,14.66,0.158730159
6559,B64-X71,16.17,0.158947368
6560,B64-X71,17.85,0.175365344
6561,B64-X71,19.5,0.171161826
6562,B64-X71,20.96,0.151138716
6563,B64-X71,22.63,0.173236515
6564,B64-X71,24.36,0.179274611
6565,B64-X71,25.88,0.158004158
6566,B64-X71,27.67,0.185492228
6567,B64-X71,29.46,0.186458333
6568,B64-X71,31.09,0.170146138
6569,B64-X71,32.71,0.167701863
6570,B64-X71,34.3,0.166841553
6571,B64-X71,35.75,0.150727651
6572,B64-X71,37.32,0.1637122
6573,B64-X71,38.87,0.159793814
6574,B64-X71,40.36,0.154724818
6575,B64-X71,41.53,0.040766551
6576,B64-X71,41.5,-0.002840909
6577,B64-X71,41.57,0.002465657
6578,B64-X71,41.18,-0.013522885
6579,B64-X71,40.78,-0.013903372
6580,B64-X71,40.67,-0.003822099
6581,B64-X71,40.73,0.002094972
6582,B64-X71,40.78,0.001739736
6583,B64-X71,40.48,-0.010351967
6584,B64-X71,40.17,-0.010711818
6585,B64-X71,39.4,-0.026754691
6586,B64-X71,39.21,-0.006638714
6587,B64-X71,39.02,-0.006659657
6588,B64-X71,38.56,-0.016005567
6589,B64-X71,38.1,-0.015451797
6590,B64-X71,37.49,-0.021232162
6591,B64-X71,37.13,-0.012486993
6592,B64-X71,37.31,0.006302521
6593,B64-X71,37,-0.010790115
6594,B64-X71,36.87,-0.004520167
6595,B64-X71,36.72,-0.005263158
6596,B64-X71,36.56,-0.005571031
6597,B64-X71,38.36,0.063091483
6598,B64-X71,37.79,-0.019743679
6599,B64-X71,37.4,-0.013574661
6600,B64-X71,37.27,-0.004520167
6601,B64-X71,36.91,-0.012596221
6602,B64-X71,36.57,-0.011854951
6603,B64-X71,36.35,-0.007583592
6604,B64-X71,36.12,-0.007941989
6605,B64-X71,36.26,0.004835924
6606,B64-X71,38.02,0.061646235
6607,B64-X71,37.93,-0.003128259
6608,B64-X71,37.84,-0.003141361
6609,B64-X71,37.95,0.003816794
6610,B64-X71,38.07,0.004225352
6611,B64-X71,38.15,0.002786486
6612,B64-X71,38.22,0.002454418
6613,B64-X71,38.33,0.003818119
6614,B64-X71,38.09,-0.008313128
6615,B64-X71,37.67,-0.014618865
6616,B64-X71,37.86,0.006629449
6617,B64-X71,37.93,0.002356109
6618,B64-X71,38.16,0.007966747
6619,B64-X71,38.33,0.005952381
6620,B64-X71,38.25,-0.002793296
6621,B64-X71,37.98,-0.009394572
6622,B64-X71,38.2,0.007665505
6623,B64-X71,38.62,0.014649459
6624,B64-X71,39.03,0.014206514
6625,B64-X71,39.78,0.026168876
6626,B64-X71,39.87,0.003140265
6627,B64-X71,39.89,0.000696136
6628,B64-X71,39.91,0.000696864
6629,B64-X71,40.17,0.009119607
6630,B64-X71,40.79,0.021587744
6631,B64-X71,41.11,0.011072664
6632,B64-X71,41.4,0.010111576
6633,B64-X71,42.02,0.021632938
6634,B64-X71,42.15,0.004523312
6635,B64-X71,42.17,0.000696621
6636,B64-X71,42.19,0.000692281
6637,B64-X71,42.48,0.010034602
6638,B64-X71,42.47,-0.000348554
6639,B64-X71,42.46,-0.000347102
6640,B64-X71,42.5,0.001398113
6641,B64-X71,42.5,0
6642,B64-X71,41.86,-0.022551092
6643,B64-X71,41.28,-0.02020202
6644,B64-X71,41.4,0.004166667
6645,B64-X71,41.22,-0.006358177
6646,B64-X71,40.91,-0.010869565
6647,B64-X71,40.86,-0.001725328
6648,B64-X71,41.08,0.007657501
6649,B64-X71,41.26,0.006306938
6650,B64-X71,41.48,0.007751938
6651,B64-X71,41.66,0.006273963
6652,B64-X71,41.35,-0.010693343
6653,B64-X71,41.39,0.00137836
6654,B64-X71,41.79,0.013932428
6655,B64-X71,42.27,0.016666667
6656,B64-X71,41.39,-0.030779993
6657,B64-X71,40.43,-0.033356498
6658,B64-X71,41,0.019702731
6659,B64-X71,40.95,-0.001736111
6660,B64-X71,41.22,0.009401114
6661,B64-X71,41.52,0.010452962
6662,B64-X71,41.84,0.029304029
6663,B64-X71,42.36,0.029328821
6664,B64-X71,42.75,0.013579387
6665,B64-X71,43.37,0.021708683
6666,B64-X71,43.79,0.014558059
6667,B64-X71,44.16,0.021586931
6668,B64-X71,44.16,0
6669,B64-X72,0,
6670,B64-X72,0.33,0.011073826
6671,B64-X72,0.62,0.010013812
6672,B64-X72,0.56,-0.002187386
6673,B64-X72,0.49,-0.002512563
6674,B64-X72,0.44,-0.001781261
6675,B64-X72,1.93,0.053252323
6676,B64-X72,4.31,0.085488506
6677,B64-X72,8,0.13150392
6678,B64-X72,9.41,0.14476386
6679,B64-X72,10.85,0.152380952
6680,B64-X72,12.25,0.147368421
6681,B64-X72,13.69,0.150313152
6682,B64-X72,15.16,0.152489627
6683,B64-X72,16.67,0.1563147
6684,B64-X72,18.31,0.170124481
6685,B64-X72,19.98,0.173056995
6686,B64-X72,21.4,0.147609148
6687,B64-X72,23.15,0.18134715
6688,B64-X72,24.89,0.18125
6689,B64-X72,26.34,0.151356994
6690,B64-X72,27.93,0.164596273
6691,B64-X72,29.69,0.184679958
6692,B64-X72,31.35,0.172557173
6693,B64-X72,32.68,0.138686131
6694,B64-X72,34.06,0.142268041
6695,B64-X72,35.38,0.137071651
6696,B64-X72,35.42,0.001393728
6697,B64-X72,35.55,0.006646217
6698,B64-X72,35.56,0.00051573
6699,B64-X72,35.55,-0.000346741
6700,B64-X72,35.37,-0.006256517
6701,B64-X72,35.16,-0.007296734
6702,B64-X72,34.67,-0.017108939
6703,B64-X72,36.61,0.06750174
6704,B64-X72,36.5,-0.003795721
6705,B64-X72,36.39,-0.003800968
6706,B64-X72,36.03,-0.012508687
6707,B64-X72,35.64,-0.013626834
6708,B64-X72,36.17,0.018576937
6709,B64-X72,36.69,0.01809325
6710,B64-X72,36.47,-0.00738999
6711,B64-X72,36.25,-0.007657501
6712,B64-X72,35.83,-0.014568158
6713,B64-X72,35.42,-0.014355742
6714,B64-X72,34.94,-0.016707275
6715,B64-X72,34.45,-0.017037552
6716,B64-X72,35.55,0.038596491
6717,B64-X72,35.22,-0.011490251
6718,B64-X72,34.89,-0.011566772
6719,B64-X72,34.76,-0.004502944
6720,B64-X72,34.46,-0.010442047
6721,B64-X72,34.15,-0.01077886
6722,B64-X72,35.64,0.05213436
6723,B64-X72,35.38,-0.009065551
6724,B64-X72,35.11,-0.009307135
6725,B64-X72,37.05,0.06698895
6726,B64-X72,36.78,-0.009326425
6727,B64-X72,36.87,0.003152364
6728,B64-X72,37.18,0.010775113
6729,B64-X72,37.22,0.001396161
6730,B64-X72,36.96,-0.009021513
6731,B64-X72,36.65,-0.010915493
6732,B64-X72,36.47,-0.006269592
6733,B64-X72,36.12,-0.01227209
6734,B64-X72,35.86,-0.009024644
6735,B64-X72,35.33,-0.018358157
6736,B64-X72,35.2,-0.004524887
6737,B64-X72,35.68,0.016748081
6738,B64-X72,35.68,0
6739,B64-X72,36.34,0.022861101
6740,B64-X72,36.25,-0.003151261
6741,B64-X72,35.73,-0.018156425
6742,B64-X72,35.33,-0.013917884
6743,B64-X72,35.16,-0.005923345
6744,B64-X72,36.21,0.036623648
6745,B64-X72,36.56,0.012127512
6746,B64-X72,37.4,0.029309142
6747,B64-X72,37.79,0.013607816
6748,B64-X72,37.79,0
6749,B64-X72,37.62,-0.005923345
6750,B64-X72,37.53,-0.003156787
6751,B64-X72,38.06,0.018454039
6752,B64-X72,38.14,0.002768166
6753,B64-X72,37.68,-0.016039052
6754,B64-X72,37.22,-0.016050244
6755,B64-X72,36.96,-0.009046625
6756,B64-X72,36.56,-0.013932428
6757,B64-X72,36.78,0.007615092
6758,B64-X72,36.78,0
6759,B64-X72,36.39,-0.013593587
6760,B64-X72,35.99,-0.013884068
6761,B64-X72,35.82,-0.005941978
6762,B64-X72,35.29,-0.018421967
6763,B64-X72,34.63,-0.023255814
6764,B64-X72,34.1,-0.018460467
6765,B64-X72,33.93,-0.005902778
6766,B64-X72,35.77,0.064994702
6767,B64-X72,35.77,0
6768,B64-X72,36.21,0.015182885
6769,B64-X72,36.53,0.011138183
6770,B64-X72,36.87,0.011913104
6771,B64-X72,36.43,-0.015503876
6772,B64-X72,36.08,-0.012199373
6773,B64-X72,36.02,-0.002069679
6774,B64-X72,35.99,-0.00103377
6775,B64-X72,35.64,-0.012190874
6776,B64-X72,35.16,-0.016666667
6777,B64-X72,34.01,-0.040223854
6778,B64-X72,33.49,-0.018068103
6779,B64-X72,33.35,-0.004839267
6780,B64-X72,32.21,-0.039583333
6781,B64-X72,31.33,-0.030640669
6782,B64-X72,29.53,-0.06271777
6783,B64-X72,28.34,-0.041535777
6784,B64-X72,26.98,-0.04735376
6785,B64-X72,26.59,-0.013655462
6786,B64-X72,26.5,-0.003119584
6787,B64-X72,26.37,-0.004529617
6788,B64-X72,26.24,-0.004545455
6789,B64-X72,25.93,-0.010775113
6790,B64-X72,25.76,-0.005894591
6791,B64-X72,25.93,0.005964912
6792,B64-X72,25.97,0.001385042
6793,B64-X72,25.75,-0.007678883
6794,B64-X72,26.59,0.029319372
6795,B64-X72,26.66,0.008187135
6796,B64-X72,26.66,0
6797,B64-X73,0,
6798,B64-X73,0.18,0.006040268
6799,B64-X73,0.2,0.000690608
6800,B64-X73,0.22,0.000729129
6801,B64-X73,0.51,0.010409189
6802,B64-X73,0.79,0.009975062
6803,B64-X73,0.75,-0.001429593
6804,B64-X73,0.92,0.006106322
6805,B64-X73,1.1,0.006414825
6806,B64-X73,1.23,0.004531196
6807,B64-X73,1.36,0.004501385
6808,B64-X73,1.39,0.003083248
6809,B64-X73,1.71,0.010854817
6810,B64-X73,1.88,0.005896635
6811,B64-X73,2.02,0.004859424
6812,B64-X73,2.46,0.015214385
6813,B64-X73,3.52,0.109958506
6814,B64-X73,4.75,0.127991675
6815,B64-X73,5.98,0.13015873
6816,B64-X73,7.43,0.152792413
6817,B64-X73,8.89,0.151452282
6818,B64-X73,10.33,0.151260504
6819,B64-X73,11.92,0.166492147
6820,B64-X73,13.65,0.179089027
6821,B64-X73,15.56,0.198338525
6822,B64-X73,16.89,0.138686131
6823,B64-X73,18.61,0.180293501
6824,B64-X73,20,0.144190871
6825,B64-X73,21.61,0.169117647
6826,B64-X73,23.25,0.169772257
6827,B64-X73,24.96,0.178125
6828,B64-X73,26.41,0.150259067
6829,B64-X73,27.86,0.1531151
6830,B64-X73,29.31,0.152310924
6831,B64-X73,30.87,0.162162162
6832,B64-X73,32.44,0.165786695
6833,B64-X73,34.01,0.162694301
6834,B64-X73,35.25,0.128630705
6835,B64-X73,36.5,0.128865979
6836,B64-X73,37.75,0.12966805
6837,B64-X73,37.44,-0.010711818
6838,B64-X73,36.78,-0.022932592
6839,B64-X73,37.27,0.017120894
6840,B64-X73,37.08,-0.006659657
6841,B64-X73,36.83,-0.008698678
6842,B64-X73,36.91,0.002714625
6843,B64-X73,36.56,-0.012182388
6844,B64-X73,36.52,-0.001387444
6845,B64-X73,36.25,-0.009453782
6846,B64-X73,35.9,-0.012182388
6847,B64-X73,35.51,-0.013560501
6848,B64-X73,35.16,-0.012280702
6849,B64-X73,37.13,0.068593315
6850,B64-X73,37.05,-0.002804066
6851,B64-X73,36.96,-0.003117423
6852,B64-X73,36.91,-0.001740341
6853,B64-X73,36.62,-0.010083449
6854,B64-X73,36.34,-0.009797061
6855,B64-X73,36.5,0.005578801
6856,B64-X73,36.74,0.008273009
6857,B64-X73,36.61,-0.00448895
6858,B64-X73,36.43,-0.006217617
6859,B64-X73,37.04,0.021366025
6860,B64-X73,37.57,0.018421967
6861,B64-X73,37.4,-0.005933682
6862,B64-X73,37.67,0.009368494
6863,B64-X73,37.92,0.008802817
6864,B64-X73,38.01,0.003134796
6865,B64-X73,37.19,-0.028751753
6866,B64-X73,35.86,-0.046164526
6867,B64-X73,35.9,0.001385521
6868,B64-X73,36.2,0.010442047
6869,B64-X73,36.34,0.004884857
6870,B64-X73,35.77,-0.019185459
6871,B64-X73,36.12,0.012123311
6872,B64-X73,36.52,0.014005602
6873,B64-X73,36.74,0.007681564
6874,B64-X73,36.82,0.002783577
6875,B64-X73,36.56,-0.009059233
6876,B64-X73,36.3,-0.009068713
6877,B64-X73,36.21,-0.003118503
6878,B64-X73,35.9,-0.010816469
6879,B64-X73,36.04,0.004884857
6880,B64-X73,36.65,0.021232162
6881,B64-X73,37.27,0.021602787
6882,B64-X73,38.06,0.027709576
6883,B64-X73,38.1,0.001392758
6884,B64-X73,38.14,0.001384083
6885,B64-X73,37.31,-0.028940028
6886,B64-X73,37.31,0
6887,B64-X73,37.09,-0.007654836
6888,B64-X73,36.74,-0.012190874
6889,B64-X73,36.83,0.003115265
6890,B64-X73,36.47,-0.012456747
6891,B64-X73,35.99,-0.016730568
6892,B64-X73,35.46,-0.01839639
6893,B64-X73,36.58,0.039147151
6894,B64-X73,38.5,0.066736184
6895,B64-X73,38.94,0.015503876
6896,B64-X73,39.46,0.018112156
6897,B64-X73,39.38,-0.002777778
6898,B64-X73,38.98,-0.014129283
6899,B64-X73,39.81,0.029102384
6900,B64-X73,40.17,0.01242236
6901,B64-X73,39.24,-0.032370345
6902,B64-X73,39.07,-0.005956552
6903,B64-X73,38.45,-0.021846371
6904,B64-X73,38.1,-0.012199373
6905,B64-X73,37.44,-0.022766471
6906,B64-X73,37.53,0.003101309
6907,B64-X73,36.96,-0.01985371
6908,B64-X73,37.57,0.021180556
6909,B64-X73,38.26,0.024134313
6910,B64-X73,38.98,0.025017373
6911,B64-X73,39.32,0.012151537
6912,B64-X73,39.33,0.010526316
6913,B64-X73,40.61,0.044444444
6914,B64-X73,41.1,0.017061281
6915,B64-X73,41.57,0.016376307
6916,B64-X73,42.08,0.017801047
6917,B64-X73,42.35,0.009401114
6918,B64-X73,42.67,0.01237911
6919,B64-X73,42.67,0
8028,Z80-X1,0,
8029,Z80-X1,0.31,0.013644366
8030,Z80-X1,0.28,-0.001049685
8031,Z80-X1,0.22,-0.002064694
8032,Z80-X1,0.3,0.002875629
8033,Z80-X1,0.21,-0.003198294
8034,Z80-X1,0.25,0.001444043
8035,Z80-X1,0.3,0.001816201
8036,Z80-X1,0.28,-0.000717618
8037,Z80-X1,0.26,-0.000688705
8038,Z80-X1,0.43,0.005864091
8039,Z80-X1,0.52,0.003106662
8040,Z80-X1,0.63,0.003790489
8041,Z80-X1,0.7,0.002418798
8042,Z80-X1,0.7,0
8043,Z80-X1,0.81,0.003794412
8044,Z80-X1,0.8,-0.000344947
8045,Z80-X1,0.9,0.003450656
8046,Z80-X1,1.6,0.024154589
8047,Z80-X1,1.8,0.006906077
8048,Z80-X1,1.64,-0.005534417
8049,Z80-X1,1.58,-0.002072539
8050,Z80-X1,1.5,-0.00276434
8051,Z80-X1,1.47,-0.001037344
8052,Z80-X1,1.38,-0.003106662
8053,Z80-X1,1.27,-0.003789184
8054,Z80-X1,1.21,-0.002068252
8055,Z80-X1,1.17,-0.001380262
8056,Z80-X1,1.18,0.000344709
8057,Z80-X1,1.1,-0.002761477
8058,Z80-X1,1.1,0
8059,Z80-X1,1,-0.003460208
8060,Z80-X1,1.17,0.005874223
8061,Z80-X1,1.21,0.001381215
8062,Z80-X1,1.27,0.00206754
8063,Z80-X1,1.32,0.002586653
8064,Z80-X1,1.03,-0.012298558
8065,Z80-X1,0.97,-0.002071108
8066,Z80-X1,0.84,-0.004487401
8067,Z80-X1,0.88,0.00137931
8068,Z80-X1,0.92,0.00137836
8069,Z80-X1,0.94,0.000689417
8070,Z80-X1,0.88,-0.002066827
8071,Z80-X1,0.83,-0.001725328
8072,Z80-X1,0.97,0.004822597
8073,Z80-X1,0.88,-0.003102378
8074,Z80-X1,0.79,-0.003103448
8075,Z80-X1,0.83,0.00137741
8076,Z80-X1,0.83,0
8077,Z80-X1,0.91,0.00275672
8078,Z80-X1,1.7,0.027260179
8079,Z80-X1,1.86,0.005517241
8080,Z80-X1,3.16,0.134297521
8081,Z80-X1,4.17,0.104338843
8082,Z80-X1,5.54,0.141675284
8083,Z80-X1,6.84,0.135135135
8084,Z80-X1,7.81,0.100206612
8085,Z80-X1,9.29,0.153367876
8086,Z80-X1,10.23,0.097107438
8087,Z80-X1,11.59,0.140495868
8088,Z80-X1,12.66,0.11053719
8089,Z80-X1,12.75,0.00931677
8090,Z80-X1,13.3,0.056818182
8091,Z80-X1,13.8,0.05192108
8092,Z80-X1,14.5,0.072689512
8093,Z80-X1,15.3,0.082901554
8094,Z80-X1,16.3,0.103199174
8095,Z80-X1,17.97,0.057645841
8096,Z80-X1,17.4,-0.019695923
8097,Z80-X1,17.97,0.019648397
8098,Z80-X1,20.3,0.080372542
8099,Z80-X1,22.59,0.078992756
8100,Z80-X1,23.95,0.046945116
8101,Z80-X1,24.43,0.016551724
8102,Z80-X1,25.31,0.030397237
8103,Z80-X1,25.75,0.015198618
8104,Z80-X1,25.97,0.007599309
8105,Z80-X1,26.59,0.021327829
8106,Z80-X1,26.72,0.004481213
8107,Z80-X1,27.55,0.02862069
8108,Z80-X1,27.91,0.012405238
8109,Z80-X1,28.08,0.005864091
8110,Z80-X1,27.51,-0.019702731
8111,Z80-X1,28.3,0.027213228
8112,Z80-X1,28.74,0.01520387
8113,Z80-X1,29.22,0.016574586
8114,Z80-X1,29.88,0.022797927
8115,Z80-X1,29,-0.030323915
8116,Z80-X1,28.3,-0.024187975
8117,Z80-X1,28.87,0.019641626
8118,Z80-X1,27.6,-0.043747847
8119,Z80-X1,27.25,-0.012077295
8120,Z80-X1,26.67,-0.020020711
8121,Z80-X1,27.3,0.02173913
8122,Z80-X1,28.08,0.026933702
8123,Z80-X1,28.3,0.007586207
8124,Z80-X1,28.56,0.008959338
8125,Z80-X1,31.38,0.097375691
8126,Z80-X1,33.79,0.083189506
8127,Z80-X1,34.76,0.033459814
8128,Z80-X1,35.82,0.036589575
8129,Z80-X1,36.61,0.027241379
8130,Z80-X1,37.44,0.028600965
8131,Z80-X1,39.24,0.062262193
8132,Z80-X1,40.56,0.045548654
8133,Z80-X1,40.74,0.006213324
8134,Z80-X1,41.53,0.027250776
8135,Z80-X1,41.62,0.00310559
8136,Z80-X1,41.31,-0.010689655
8137,Z80-X1,40.96,-0.012060648
8138,Z80-X1,41.22,0.008990318
8139,Z80-X1,41.44,0.007596685
8140,Z80-X1,41.66,0.007601935
8141,Z80-X1,41.97,0.010693343
8142,Z80-X1,41.92,-0.001724138
8143,Z80-X1,43.33,0.048721493
8144,Z80-X1,44,0.023119393
8145,Z80-X1,43.73,-0.009310345
8146,Z80-X1,43.74,0.001647446
8147,Z80-X1,43.81,0.002415459
8148,Z80-X1,43.77,-0.001383126
8149,Z80-X1,44.3,0.018307427
8150,Z80-X1,44.25,-0.00172295
8151,Z80-X1,44.34,0.003099174
8152,Z80-X1,44.3,-0.001380262
8153,Z80-X1,44.34,0.001378835
8154,Z80-X1,44.69,0.01208981
8155,Z80-X1,45.35,0.022742936
8156,Z80-X1,46.14,0.027222605
8157,Z80-X1,46.98,0.02892562
8158,Z80-X1,45.66,-0.045548654
8159,Z80-X1,46.32,0.022797927
8160,Z80-X1,44.25,-0.071354705
8161,Z80-X1,42.14,-0.073035652
8162,Z80-X1,39.51,-0.090689655
8163,Z80-X1,36.87,-0.09119171
8164,Z80-X1,37.35,0.016540317
8165,Z80-X1,37.35,0
8166,Z80-X1,34.8,-0.08777969
8167,Z80-X1,34.98,0.006204757
8168,Z80-X1,34.28,-0.024146257
8169,Z80-X1,32.92,-0.046880386
8170,Z80-X1,32.83,-0.003100241
8171,Z80-X1,33,0.005860048
8172,Z80-X1,33.09,0.003104519
8173,Z80-X1,33.35,0.008962427
8174,Z80-X1,33.5,0.005168849
8175,Z80-X1,34.15,0.022452504
8176,Z80-X1,34.67,0.017924853
8177,Z80-X1,34.8,0.025341131
8178,Z80-X1,35.42,0.025952281
8179,Z80-X1,36.08,0.022735102
8180,Z80-X1,36.6,0.017931034
8181,Z80-X1,37.22,0.021364576
8182,Z80-X1,38.2,0.033910035
8183,Z80-X1,38.6,0.013793103
8184,Z80-X1,39.3,0.024096386
8185,Z80-X1,39.5,0.016038492
8186,Z80-X1,39.5,0
8494,Z80-X3,0,
8495,Z80-X3,0.15,0.006702413
8496,Z80-X3,0.2,0.001769912
8497,Z80-X3,0.18,-0.000703235
8498,Z80-X3,0.26,0.002810963
8499,Z80-X3,0.23,-0.00104712
8500,Z80-X3,0.15,-0.002817894
8501,Z80-X3,0.16,0.000346981
8502,Z80-X3,0.13,-0.001048584
8503,Z80-X3,0.37,0.00844773
8504,Z80-X3,0.62,0.008719916
8505,Z80-X3,0.65,0.001051525
8506,Z80-X3,0.66,0.000351865
8507,Z80-X3,1.67,0.035228462
8508,Z80-X3,2.08,0.014270797
8509,Z80-X3,1.7,-0.013356766
8510,Z80-X3,1.54,-0.005606167
8511,Z80-X3,1.41,-0.004555011
8512,Z80-X3,1.39,-0.000695169
8513,Z80-X3,1.37,-0.000695652
8514,Z80-X3,1.35,-0.000694444
8515,Z80-X3,1.32,-0.001571503
8516,Z80-X3,1.32,0
8517,Z80-X3,1.53,0.007467994
8518,Z80-X3,1.8,0.009540636
8519,Z80-X3,2.02,0.007716591
8520,Z80-X3,1.85,-0.005935754
8521,Z80-X3,1.67,-0.006293706
8522,Z80-X3,1.63,-0.001408451
8523,Z80-X3,1.57,-0.002112676
8524,Z80-X3,1.53,-0.001340483
8525,Z80-X3,1.49,-0.001404988
8526,Z80-X3,1.53,0.001391788
8527,Z80-X3,1.55,0.000702247
8528,Z80-X3,1.58,0.001050053
8529,Z80-X3,1.3,-0.009814231
8530,Z80-X3,1.22,-0.002793296
8531,Z80-X3,1.19,-0.001039861
8532,Z80-X3,1.13,-0.002098636
8533,Z80-X3,1.45,0.011251758
8534,Z80-X3,1.63,0.00626087
8535,Z80-X3,1.6,-0.00104639
8536,Z80-X3,1.45,-0.005213764
8537,Z80-X3,1.41,-0.001401051
8538,Z80-X3,1.44,0.00106082
8539,Z80-X3,1.6,0.005536332
8540,Z80-X3,1.58,-0.000700525
8541,Z80-X3,1.5,-0.002814919
8542,Z80-X3,1.48,-0.00069541
8543,Z80-X3,1.45,-0.001047486
8544,Z80-X3,1.45,0
8545,Z80-X3,1.43,-0.000698324
8546,Z80-X3,1.41,-0.000701508
8547,Z80-X3,1.45,0.001359619
8548,Z80-X3,1.5,0.00174216
8549,Z80-X3,1.58,0.002797203
8550,Z80-X3,1.67,0.003154574
8551,Z80-X3,1.45,-0.007646854
8552,Z80-X3,1.2,-0.008716876
8553,Z80-X3,1,-0.006927607
8554,Z80-X3,0.62,-0.013418079
8555,Z80-X3,0.66,0.001389371
8556,Z80-X3,0.7,0.001410437
8557,Z80-X3,1.42,0.025052192
8558,Z80-X3,2.26,0.086866598
8559,Z80-X3,3.3,0.107660455
8560,Z80-X3,4.1,0.085106383
8561,Z80-X3,5.1,0.105263158
8562,Z80-X3,6.1,0.10384216
8563,Z80-X3,7.2,0.115062762
8564,Z80-X3,8.25,0.110876452
8565,Z80-X3,9.3,0.109947644
8566,Z80-X3,10,0.072992701
8567,Z80-X3,11.05,0.110178384
8568,Z80-X3,12.1,0.110642782
8569,Z80-X3,13.2,0.114702815
8570,Z80-X3,14.21,0.104554865
8571,Z80-X3,15.18,0.101358412
8572,Z80-X3,16.22,0.110520723
8573,Z80-X3,16.6,0.013314646
8574,Z80-X3,16.91,0.011032028
8575,Z80-X3,17.23,0.011239902
8576,Z80-X3,17.4,0.005964912
8577,Z80-X3,17.71,0.010820244
8578,Z80-X3,18.19,0.01680084
8579,Z80-X3,18.11,-0.002790373
8580,Z80-X3,18.23,0.00420021
8581,Z80-X3,18.35,0.004197272
8582,Z80-X3,18.5,0.005285412
8583,Z80-X3,18.68,0.006351447
8584,Z80-X3,19.03,0.012199373
8585,Z80-X3,19.42,0.013679411
8586,Z80-X3,18.54,-0.030715532
8587,Z80-X3,18.19,-0.012216405
8588,Z80-X3,18.37,0.006269592
8589,Z80-X3,18.6,0.008011146
8590,Z80-X3,19.2,0.020957038
8591,Z80-X3,19.34,0.004900245
8592,Z80-X3,20,0.023174157
8593,Z80-X3,20.4,0.013951866
8594,Z80-X3,20.5,0.00349895
8595,Z80-X3,20.9,0.014030165
8596,Z80-X3,21,0.003477051
8597,Z80-X3,21.5,0.017562346
8598,Z80-X3,21.6,0.003500175
8599,Z80-X3,21.71,0.003835425
8600,Z80-X3,21.5,-0.007368421
8601,Z80-X3,20.57,-0.032620133
8602,Z80-X3,19.82,-0.026343519
8603,Z80-X3,20.43,0.021224774
8604,Z80-X3,21.9,0.051077137
8605,Z80-X3,20.5,-0.049071153
8606,Z80-X3,19.82,-0.023926812
8607,Z80-X3,19.12,-0.024356298
8608,Z80-X3,17.14,-0.069085834
8609,Z80-X3,16.1,-0.036211699
8610,Z80-X3,19,0.10076442
8611,Z80-X3,18.8,-0.006990563
8612,Z80-X3,17.84,-0.033814723
8613,Z80-X3,17.8,-0.001402033
8614,Z80-X3,16.74,-0.037011173
8615,Z80-X3,16,-0.025721237
8616,Z80-X3,15.34,-0.022940563
8617,Z80-X3,15.16,-0.006293706
8618,Z80-X3,14.9,-0.009142053
8619,Z80-X3,14.72,-0.006263048
8620,Z80-X3,13.67,-0.036803365
8621,Z80-X3,13.67,0
8622,Z80-X3,13.1,-0.019971969
8623,Z80-X3,13.4,0.010398614
8624,Z80-X3,13.01,-0.013617318
8625,Z80-X3,12.22,-0.027516545
8626,Z80-X3,11.38,-0.029411765
8627,Z80-X3,10.59,-0.027787548
8628,Z80-X3,9.62,-0.033657183
8629,Z80-X3,8.88,-0.025766017
8630,Z80-X3,8.53,-0.01218663
8631,Z80-X3,8.17,-0.012508687
8632,Z80-X3,7.63,-0.023417173
8633,Z80-X3,7.5,-0.023941068
8634,Z80-X3,6.9,-0.021134202
8635,Z80-X3,6.3,-0.021023125
8636,Z80-X3,6,-0.015898251
8637,Z80-X3,6,0
8638,Z80-X4,0,
8639,Z80-X4,0.1,0.004599816
8640,Z80-X4,0.1,0
8641,Z80-X4,0.1,0
8642,Z80-X4,0.09,-0.000361011
8643,Z80-X4,0.04,-0.001816201
8644,Z80-X4,0.11,0.002511661
8645,Z80-X4,0.13,0.000688705
8646,Z80-X4,0.15,0.000689893
8647,Z80-X4,0.16,0.000345185
8648,Z80-X4,0.18,0.00068918
8649,Z80-X4,0.19,0.000345543
8650,Z80-X4,0.2,0.000345543
8651,Z80-X4,0.22,0.000689893
8652,Z80-X4,0.15,-0.002414626
8653,Z80-X4,0.18,0.001035197
8654,Z80-X4,0.22,0.001380262
8655,Z80-X4,0.23,0.000345304
8656,Z80-X4,0.3,0.002421308
8657,Z80-X4,0.39,0.003108808
8658,Z80-X4,0.4,0.000345543
8659,Z80-X4,0.4,0
8660,Z80-X4,0.5,0.00578369
8661,Z80-X4,0.6,0.003451847
8662,Z80-X4,0.7,0.003444712
8663,Z80-X4,0.6,-0.003447087
8664,Z80-X4,0.5,-0.003450656
8665,Z80-X4,0.4,-0.003447087
8666,Z80-X4,0.36,-0.001380739
8667,Z80-X4,0.31,-0.001712915
8668,Z80-X4,0.26,-0.001676165
8669,Z80-X4,0.22,-0.00137741
8670,Z80-X4,0.13,-0.003107735
8671,Z80-X4,0.2,0.00241213
8672,Z80-X4,0.28,0.00275672
8673,Z80-X4,0.35,0.002410468
8674,Z80-X4,0.8,0.01552795
8675,Z80-X4,0.82,0.000696379
8676,Z80-X4,0.83,0.000345185
8677,Z80-X4,0.85,0.000689655
8678,Z80-X4,0.86,0.00034459
8679,Z80-X4,0.88,0.000689417
8680,Z80-X4,0.97,0.003100241
8681,Z80-X4,1.06,0.00310559
8682,Z80-X4,1.14,0.00275577
8683,Z80-X4,1.23,0.003102378
8684,Z80-X4,1.32,0.003103448
8685,Z80-X4,1.3,-0.000688705
8686,Z80-X4,1.29,-0.00034459
8687,Z80-X4,1.27,-0.00068918
8688,Z80-X4,1.25,-0.000690131
8689,Z80-X4,1.21,-0.00137931
8690,Z80-X4,1.2,-0.000344471
8691,Z80-X4,1.18,-0.00066778
8692,Z80-X4,1.17,-0.000344353
8693,Z80-X4,1.16,-0.000345185
8694,Z80-X4,1.15,-0.000345185
8695,Z80-X4,1.36,0.007248878
8696,Z80-X4,1.34,-0.000691085
8697,Z80-X4,1.32,-0.000689417
8698,Z80-X4,1.3,-0.000689893
8699,Z80-X4,1.28,-0.000689893
8700,Z80-X4,1.23,-0.001725923
8701,Z80-X4,2.96,0.059655172
8702,Z80-X4,3.54,0.059979317
8703,Z80-X4,4.12,0.060103627
8704,Z80-X4,5.02,0.093457944
8705,Z80-X4,5.92,0.093167702
8706,Z80-X4,6.82,0.093360996
8707,Z80-X4,7.65,0.086010363
8708,Z80-X4,8.48,0.086188993
8709,Z80-X4,9.32,0.086866598
8710,Z80-X4,10.31,0.102590674
8711,Z80-X4,11.3,0.102167183
8712,Z80-X4,12.3,0.102986612
8713,Z80-X4,12.72,0.043433299
8714,Z80-X4,13.14,0.043433299
8715,Z80-X4,13.56,0.043433299
8716,Z80-X4,13.98,0.043433299
8717,Z80-X4,14.02,0.00137931
8718,Z80-X4,14.28,0.008959338
8719,Z80-X4,15.12,0.028975509
8720,Z80-X4,15.36,0.008295887
8721,Z80-X4,15.6,0.00826731
8722,Z80-X4,15.84,0.00829302
8723,Z80-X4,16.08,0.008287293
8724,Z80-X4,16.32,0.008290155
8725,Z80-X4,18.2,0.064782908
8726,Z80-X4,19.34,0.039391845
8727,Z80-X4,19.85,0.017574087
8728,Z80-X4,20.31,0.015845677
8729,Z80-X4,20.57,0.008971705
8730,Z80-X4,21.14,0.019675526
8731,Z80-X4,21.3,0.005521049
8732,Z80-X4,21.62,0.011049724
8733,Z80-X4,22.11,0.016896552
8734,Z80-X4,22.64,0.018263267
8735,Z80-X4,23.19,0.018991713
8736,Z80-X4,23.55,0.012426648
8737,Z80-X4,24.08,0.018282166
8738,Z80-X4,24.22,0.004832585
8739,Z80-X4,24.01,-0.007241379
8740,Z80-X4,24.6,0.020330806
8741,Z80-X4,25.28,0.023521273
8742,Z80-X4,25.96,0.023464458
8743,Z80-X4,26,0.001380739
8744,Z80-X4,26.03,0.00103484
8745,Z80-X4,26.05,0.000690131
8746,Z80-X4,25.84,-0.007241379
8747,Z80-X4,25.8,-0.00137836
8748,Z80-X4,25.7,-0.003457815
8749,Z80-X4,25.36,-0.011740331
8750,Z80-X4,25.44,0.00276434
8751,Z80-X4,25.93,0.01690238
8752,Z80-X4,25.58,-0.012068966
8753,Z80-X4,24.83,-0.025915688
8754,Z80-X4,24.21,-0.021394065
8755,Z80-X4,23.98,-0.007931034
8756,Z80-X4,23.75,-0.007931034
8757,Z80-X4,22.87,-0.030365769
8758,Z80-X4,22,-0.030082988
8759,Z80-X4,21.12,-0.030397237
8760,Z80-X4,22.9,0.061337009
8761,Z80-X4,22.81,-0.003099174
8762,Z80-X4,22.47,-0.011732229
8763,Z80-X4,22.13,-0.011720097
8764,Z80-X4,21.79,-0.011744387
8765,Z80-X4,21.45,-0.011716058
8766,Z80-X4,21,-0.015506547
8767,Z80-X4,20.48,-0.017906336
8768,Z80-X4,20.08,-0.013802622
8769,Z80-X4,19.78,-0.010362694
8770,Z80-X4,18.97,-0.027921406
8771,Z80-X4,18.17,-0.027691243
8772,Z80-X4,17.36,-0.027931034
8773,Z80-X4,16.77,-0.020379965
8774,Z80-X4,16.19,-0.019986216
8775,Z80-X4,15.69,-0.020300447
8776,Z80-X4,15.6,-0.020408163
8777,Z80-X4,15.4,-0.006884682
8778,Z80-X4,15.21,-0.006549466
8779,Z80-X4,15,-0.009722222
8780,Z80-X4,15,0
20208,B193-X29,0,
20209,B193-X29,0.14,0.009114583
20210,B193-X29,0.17,0.001642935
20211,B193-X29,0.09,-0.004381161
20212,B193-X29,0.1,0.000548847
20213,B193-X29,0.12,0.000714031
20214,B193-X29,0.01,-0.003934192
20215,B193-X29,0.41,0.014204545
20216,B193-X29,0.42,0.000354108
20217,B193-X29,0.88,0.015939016
20218,B193-X29,0.81,-0.002428026
20219,B193-X29,0.73,-0.002779708
20220,B193-X29,0.49,-0.008376963
20221,B193-X29,0.2,-0.010010356
20222,B193-X29,0.6,0.013888889
20223,B193-X29,0.4,-0.006951686
20224,B193-X29,0.6,0.006942034
20225,B193-X29,0.4,-0.006930007
20226,B193-X29,0.6,0.006963788
20227,B193-X29,0.9,0.010344828
20228,B193-X29,1.3,0.013913043
20229,B193-X29,1.5,0.020876827
20230,B193-X29,1.3,-0.020855057
20231,B193-X29,1.4,0.01039501
20232,B193-X29,1.6,0.020746888
20233,B193-X29,2.5,0.094537815
20234,B193-X29,2.9,0.041407867
20235,B193-X29,3.7,0.082987552
20236,B193-X29,5.6,0.197916667
20237,B193-X29,7.3,0.178947368
20238,B193-X29,8.6,0.13584117
20239,B193-X29,9.7,0.115546218
20240,B193-X29,11.3,0.169671262
20241,B193-X29,13.3,0.210084034
20242,B193-X29,15.2,0.196483971
20243,B193-X29,17.3,0.219665272
20244,B193-X29,19.4,0.218978102
20245,B193-X29,21.1,0.175801448
20246,B193-X29,22.5,0.148305085
20247,B193-X29,24.6,0.21761658
20248,B193-X29,26.7,0.219895288
20249,B193-X29,28.5,0.190677966
20250,B193-X29,30.7,0.228690229
20251,B193-X29,32.5,0.186335404
20252,B193-X29,34.1,0.166147456
20253,B193-X29,35.6,0.158227848
20254,B193-X29,35.8,0.020876827
20255,B193-X29,36,0.020682523
20256,B193-X29,36.4,0.042417815
20257,B193-X29,37.6,0.124223602
20258,B193-X29,38.6,0.10384216
20259,B193-X29,38.8,0.006946857
20260,B193-X29,38.5,-0.010456605
20261,B193-X29,38.8,0.010348396
20262,B193-X29,39.7,0.031457532
20263,B193-X29,39.6,-0.003481894
20264,B193-X29,39.5,-0.003478261
20265,B193-X29,38.8,-0.024171271
20266,B193-X29,39.5,0.024297119
20267,B193-X29,38.9,-0.020739717
20268,B193-X29,39.4,0.017439833
20269,B193-X29,39.7,0.010405827
20270,B193-X29,39.6,-0.003477051
20271,B193-X29,39.4,-0.006980803
20272,B193-X29,38.9,-0.017385257
20273,B193-X29,39,0.00348675
20274,B193-X29,39.5,0.017379214
20275,B193-X29,40.9,0.048848569
20276,B193-X29,40.6,-0.010413051
20277,B193-X29,41.1,0.017289073
20278,B193-X29,41.2,0.003471017
20279,B193-X29,41.3,0.003461405
20280,B193-X29,40.8,-0.017409471
20281,B193-X29,40.8,0
20282,B193-X29,40.3,-0.017301038
20283,B193-X29,39.7,-0.020964361
20284,B193-X29,39.4,-0.030927835
20285,B193-X29,39.2,-0.020942408
20286,B193-X29,39.1,-0.010427529
20287,B193-X29,38.8,-0.031152648
20288,B193-X29,38.5,-0.031217482
20289,B193-X29,38.2,-0.030991736
20290,B193-X29,37.5,-0.024356298
20291,B193-X29,36.8,-0.024305556
20292,B193-X29,36.5,-0.010456605
20293,B193-X29,35.8,-0.024271845
20294,B193-X29,35.1,-0.024449878
20295,B193-X29,35.93,0.037899543
20296,B193-X29,36.2,0.038189533
20297,B193-X29,37.5,0.045029442
20298,B193-X29,37.6,0.003478261
20299,B193-X29,38.3,0.024297119
20300,B193-X29,38.9,0.020826102
20301,B193-X29,39.9,0.034542314
20302,B193-X29,40.3,0.013845621
20303,B193-X29,39.3,-0.034518467
20304,B193-X29,38.5,-0.027855153
20305,B193-X29,39.1,0.020942408
20306,B193-X29,39.4,0.01039501
20307,B193-X29,38.9,-0.017343045
20308,B193-X29,38.6,-0.010423905
20309,B193-X29,38.31,-0.024288107
20310,B193-X29,37.9,-0.024536206
20311,B193-X29,37.5,-0.013908206
20312,B193-X29,37.6,0.003461405
20313,B193-X29,37.7,0.00349406
20314,B193-X29,37.8,0.003508772
20315,B193-X29,37,-0.027894003
20316,B193-X29,37.4,0.013888889
20317,B193-X29,37.5,0.003469813
20318,B193-X29,37.7,0.006990563
20319,B193-X29,38.4,0.024213075
20320,B193-X29,39.18,0.02764977
20321,B193-X29,39.2,0.030769231
20322,B193-X29,38.8,-0.013898541
20323,B193-X29,38.7,-0.003477051
20324,B193-X29,39.2,0.017307027
20325,B193-X29,39.8,0.020964361
20326,B193-X29,40.3,0.01754386
20327,B193-X29,41,0.024407252
20328,B193-X29,41.3,0.010416667
20329,B193-X29,41.3,0
20330,B193-X29,41.4,0.004593477
20331,B193-X29,41.3,-0.003489184
20332,B193-X29,40.7,-0.020891365
20333,B193-X29,41.16,0.020833333
20334,B193-X29,41.3,0.021052632
20335,B193-X29,39.5,-0.062521709
20336,B193-X29,39.1,-0.013990906
20337,B193-X29,39.7,0.02100105
20338,B193-X29,39.74,0.012195122
20339,B193-X29,40,0.010961214
20340,B446,0,0.013898541
20341,B446,0.24,0.015604681
20342,B446,0.69,0.017006803
20343,B446,0.7,0.000367782
20344,B446,0.68,-0.000718391
20345,B446,0.49,-0.006824713
20346,B446,0.55,0.002179441
20347,B446,0.88,0.011827957
20348,B446,0.68,-0.007158196
20349,B446,0.57,-0.003956835
20350,B446,0.64,0.002575423
20351,B446,0.7,0.002177068
20352,B446,0.62,-0.00098912
20353,B446,0.66,0.00046307
20354,B446,0.48,-0.00206659
20355,B446,0.66,0.002081406
20356,B446,1.36,0.00808968
20357,B446,1.36,0
20358,B446,0.53,-0.009620957
20359,B446,1.36,0.009606481
20360,B446,1.36,0
20361,B446,1.63,0.002906351
20362,B446,2.68,0.012140132
20363,B446,2.73,0.000578102
20364,B446,2.8,0.002051583
20365,B446,2.68,-0.001479837
20366,B446,2.33,-0.004051864
20367,B446,2.5,0.001965545
20368,B446,2.24,-0.005647263
20369,B446,2.02,-0.00317552
20370,B446,0.88,-0.01985371
20371,B446,1.01,0.002254596
20372,B446,0.92,-0.001567125
20373,B446,1.32,0.006871672
20374,B446,1.54,0.003857619
20375,B446,1.54,0
20376,B446,1.27,-0.003114905
20377,B446,0.97,-0.004310964
20378,B446,0.57,-0.005356904
20379,B446,0.44,-0.001503759
20380,B446,0.53,0.001045053
20381,B446,0.7,0.003222138
20382,B446,0.62,-0.000782932
20383,B446,0.6,-0.00091659
20384,B446,1.1,0.006974473
20385,B446,1.71,0.007060185
20386,B446,1.76,0.002791736
20387,B446,2.15,0.006346623
20388,B446,2.55,0.006912044
20389,B446,3.12,0.005949896
20390,B446,3.43,0.00538662
20391,B446,2.68,-0.027442371
20392,B446,4.92,0.022948468
20393,B446,5.01,0.001884422
20394,B446,4.22,-0.016558374
20395,B446,4.09,-0.001941458
20396,B446,4,-0.004663212
20397,B446,4.13,0.006292352
20398,B446,5.41,0.016989647
20399,B446,5.89,0.016637782
20400,B446,6.06,0.005910987
20401,B446,6.02,-0.001382648
20402,B446,7.08,0.012348555
20403,B446,8.09,0.016217084
20404,B446,8.4,0.006349857
20405,B446,8.7,0.019762846
20548,B689CHF,0.38,0.002218259
20549,B689CHF,0.2,-0.00648415
20550,B689CHF,0.29,0.003254973
20551,B689CHF,0.62,0.011827957
20552,B689CHF,0.64,0.000716332
20553,B689CHF,0.43,-0.007534984
20554,B689CHF,0.72,0.010364546
20555,B689CHF,0.77,0.001789549
20556,B689CHF,0.53,-0.008324662
20557,B689CHF,0.45,-0.002814919
20558,B689CHF,0.45,0
20559,B689CHF,0.45,0
20560,B689CHF,0.48,0.001037344
20561,B689CHF,0.22,-0.008971705
20562,B689CHF,0.04,-0.006232687
20563,B689CHF,0.13,0.003116343
20564,B689CHF,0.08,-0.001736111
20565,B689CHF,0.09,0.000346861
20566,B689CHF,0.08,-0.000344828
20567,B689CHF,0.09,0.000345781
20568,B689CHF,0.11,0.000692761
20569,B689CHF,0.13,0.000668226
20570,B689CHF,0.03,-0.003357958
20571,B689CHF,0.06,0.001035554
20572,B689CHF,0.16,0.003459011
20573,B689CHF,0.25,0.003117423
20574,B689CHF,0.35,0.003463803
20575,B689CHF,0.38,0.001035554
20576,B689CHF,0.42,0.001380262
20577,B689CHF,0.48,0.002070393
20578,B689CHF,0.51,0.001038781
20579,B689CHF,0.56,0.001726519
20580,B689CHF,0.6,0.001393243
20581,B689CHF,0.66,0.002071823
20582,B689CHF,0.32,-0.011703959
20583,B689CHF,0.18,-0.004845967
20584,B689CHF,0.16,-0.00068918
20585,B689CHF,0.17,0.000346021
20586,B689CHF,0.22,0.001736111
20587,B689CHF,0.17,-0.001737921
20588,B689CHF,0.17,0
20589,B689CHF,0.23,0.002070393
20590,B689CHF,0.31,0.002766252
20591,B689CHF,0.38,0.002423823
20592,B689CHF,0.46,0.002767209
20593,B689CHF,0.54,0.002761477
20594,B689CHF,0.62,0.002787456
20595,B689CHF,0.51,-0.003798343
20596,B689CHF,0.44,-0.002428026
20597,B689CHF,0.46,0.000690846
20598,B689CHF,0.48,0.000691324
20599,B689CHF,0.51,0.001042753
20600,B689CHF,0.53,0.000695652
20601,B689CHF,0.53,0
20602,B689CHF,0.53,0
20603,B689CHF,0.53,0
20604,B689CHF,0.69,0.005540166
20605,B689CHF,0.88,0.006583507
20606,B689CHF,0.83,-0.001734305
20607,B689CHF,0.79,-0.001387925
20608,B689CHF,1.02,0.008039147
20609,B689CHF,1.15,0.004535939
20610,B689CHF,1.25,0.003450656
20611,B689CHF,1.49,0.008284432
20612,B689CHF,1.3,-0.006588072
20613,B689CHF,1.63,0.011434511
20614,B689CHF,1.71,0.002760524
20615,B689CHF,1.93,0.007660167
20616,B689CHF,1.85,-0.002767209
20617,B689CHF,1.71,-0.004834254
20618,B689CHF,1.89,0.006289308
20619,B689CHF,1.76,-0.004517026
20620,B689CHF,1.85,0.003122831
20621,B689CHF,1.85,0
20622,B689CHF,1.85,0
20623,B689CHF,1.85,0
20624,B689CHF,1.98,0.004506066
20625,B689CHF,2,0.000694927
20626,B689CHF,2.15,0.005190311
20627,B689CHF,2.24,0.003110957
20628,B689CHF,2.24,0
20629,B689CHF,2.2,-0.001334668
20630,B689CHF,2.5,0.010366275
20631,B689CHF,1.48,-0.035245335
20632,B689CHF,2.14,0.022813688
20633,B689CHF,1.92,-0.007609824
20634,B689CHF,2.14,0.007609824
20635,B689CHF,2.4,0.008984105
20636,B689CHF,2.62,0.007623008
20637,B689CHF,2.71,0.00311311
20638,B689CHF,2.71,0
20639,B689CHF,2.84,0.004499827
20640,B689CHF,3.37,0.018345448
20641,B689CHF,3.41,0.001383604
20642,B689CHF,3.41,0
20643,B689CHF,3.24,-0.005888466
20644,B689CHF,3.54,0.010384216
20645,B689CHF,3.41,-0.004499827
20646,B689CHF,3.3,-0.003810184
20647,B689CHF,3.69,0.013480816
20648,B689CHF,3.48,-0.007261411
20649,B689CHF,3.96,0.018250951
20650,B689CHF,4.22,0.00899654
20651,B689CHF,4.47,0.008668516
20652,B689CHF,3.41,-0.035594359
20653,B689CHF,1.9,-0.05226722
20654,B689CHF,0.73,-0.040428473
20655,B689CHF,1.05,0.011068834
20656,B689CHF,1.15,0.003459011
20657,B689CHF,1.26,0.003814147
20658,B689CHF,1.8,0.032589016
20659,B689CHF,2.17,0.012793914
20660,B689CHF,3.28,0.038434903
20661,B689CHF,2.1,-0.045647969
20662,B689CHF,6,0.169712794
20663,B689CHF,6,
20664,B689CHF,9.6,0.217917676
20665,B689CHF,10.74,0.056829511
20666,B689CHF,13.21,0.084444444
20667,B689CHF,15.97,0.100217865
20668,B689CHF,17.79,0.061736771
20669,B689CHF,20.93,0.105051857
20670,B689CHF,20.93,
20671,B689CHF,25.41,0.155880306
20672,B689CHF,29.87,0.150067295
20673,B689CHF,34.7,0.16643694
20674,B689CHF,39.5,0.163766633
20675,B689CHF,43.49,0.154173107
20676,B689CHF,48.23,0.161774744
20677,B689CHF,52.48,0.142761169
20678,B689CHF,56.81,0.148950808
20679,B689CHF,61.48,0.164842923
20680,B689CHF,66.16,0.165195905
20681,B689CHF,70.27,0.137873197
20682,B689CHF,74.61,0.147368421
20683,B689CHF,79.51,0.166893733
20684,B689CHF,84.92,0.182523617
20685,B689CHF,87.33,0.082874828
20686,B689CHF,87.94,0.021261764
20687,B689CHF,87.21,-0.025250778
20688,B689CHF,86.74,-0.017407407
20689,B689CHF,86.59,-0.005250263
20690,B689CHF,86.64,0.001766784
20691,B689CHF,86.68,0.00137741
20692,B689CHF,86.14,-0.018249409
20693,B689CHF,85.87,-0.009109312
20694,B689CHF,85.6,-0.009821753
20695,B689CHF,83.29,-0.026490826
20696,B689CHF,82.94,-0.012576356
20697,B689CHF,81.98,-0.033946252
20698,B689CHF,82.74,0.026143791
20699,B689CHF,83.63,0.029936091
20700,B689CHF,84.09,0.015667575
20701,B689CHF,84.16,0.00239071
20702,B689CHF,83.92,-0.00845666
20703,B689CHF,84.56,0.022084196
20704,B689CHF,84.58,0.000685401
20705,B689CHF,84.55,-0.001031992
20706,B689CHF,84.6,0.001747641
20707,B689CHF,84.38,-0.007365249
20708,B689CHF,84.44,0.002162942
20709,B689CHF,84.33,-0.00385289
20710,B689CHF,84.46,0.004464286
20711,B689CHF,84.73,0.009227614
20712,B689CHF,85.3,0.0195809
20713,B689CHF,85.34,0.001416932
20714,B689CHF,85.57,0.008073008
20715,B689CHF,86.21,0.022015824
20716,B689CHF,86.22,0.000334113
20717,B689CHF,86.33,0.003699966
20718,B689CHF,86.35,0.000691802
20719,B689CHF,86.05,-0.010460251
20720,B689CHF,86.13,0.00296077
20721,B689CHF,85.87,-0.008798646
20722,B689CHF,85.85,-0.000686106
20723,B689CHF,86.17,0.010921502
20724,B689CHF,85.95,-0.007607192
20725,B689CHF,86.37,0.01432958
20726,B689CHF,87.2,0.028405202
20727,B689CHF,88.01,0.028301887
20728,B689CHF,88.21,0.006722689
20729,B689CHF,87.97,-0.008316008
20730,B689CHF,88.52,0.018932874
20731,BGX28,0,0.016944318
20732,BGX28,0.48,0.025450689
20733,BGX28,0.5,0.000695894
20734,BGX28,0.53,0.00104712
20735,BGX28,0.59,0.002077562
20736,BGX28,0.62,0.001057828
20737,BGX28,0.65,0.001045296
20738,BGX28,0.56,-0.003159003
20739,BGX28,0.5,-0.002081888
20740,BGX28,0.36,-0.004888268
20741,BGX28,0.48,0.004172462
20742,BGX28,0.47,-0.00034965
20743,BGX28,0.66,0.013708514
20744,BGX28,0.7,0.002097535
20745,BGX28,0.64,-0.002097169
20746,BGX28,0.72,0.002796225
20747,BGX28,0.8,0.002798181
20748,BGX28,0.8,0
20749,BGX28,0.9,0.00343879
20750,BGX28,1,0.003506311
20751,BGX28,1.1,0.003503854
20752,BGX28,1.5,0.013812155
20753,BGX28,1.4,-0.003485535
20754,BGX28,0.9,-0.017537706
20755,BGX28,0.7,-0.006918021
20756,BGX28,0.9,0.006993007
20757,BGX28,0.7,-0.006939625
20758,BGX28,0.6,-0.003441156
20759,BGX28,0.8,0.007017544
20760,BGX28,1,0.006993007
20761,BGX28,1,0
20762,BGX28,1,0
20763,BGX28,0.9,-0.003485535
20764,BGX28,0.8,-0.003502627
20765,BGX28,1.1,0.010366275
20766,BGX28,1.4,0.010552234
20767,BGX28,1.3,-0.003480682
20768,BGX28,1.2,-0.003479471
20769,BGX28,1.3,0.003484321
20770,BGX28,1.4,0.003477051
20771,BGX28,1.5,0.003485535
20772,BGX28,1.6,0.003436426
20773,BGX28,1.6,0
20774,BGX28,1.6,0
20775,BGX28,1.65,0.001738526
20776,BGX28,1.7,0.001743983
20777,BGX28,1.5,-0.007002801
20778,BGX28,1.7,0.006990563
20779,BGX28,1.6,-0.00349162
20780,BGX28,1.6,0
20781,BGX28,1.7,0.003508772
20782,BGX28,0.76,-0.038367347
20783,BGX28,0.6,-0.039312039
20784,BGX28,0.45,-0.00522466
20785,BGX28,0.4,-0.001737921
20786,BGX28,0.5,0.003508772
20787,BGX28,0.5,0
20788,BGX28,0.6,0.003455425
20789,BGX28,1.2,0.064171123
20790,BGX28,2.1,0.093652445
20791,BGX28,3,0.093360996
20792,BGX28,4.2,0.126582278
20793,BGX28,5.8,0.166840459
20794,BGX28,7.2,0.145379024
20795,BGX28,8.5,0.138004246
20796,BGX28,9.6,0.114107884
20797,BGX28,10.8,0.12793177
20798,BGX28,12.5,0.175801448
20799,BGX28,13.9,0.146904512
20800,BGX28,15.5,0.167189133
20801,BGX28,17.1,0.168598525
20802,BGX28,18.5,0.145681582
20803,BGX28,20,0.155118925
20804,BGX28,21.4,0.147058824
20805,BGX28,22.8,0.145228216
20806,BGX28,24.2,0.147058824
20807,BGX28,24.6,0.042462845
20808,BGX28,24.7,0.010416667
20809,BGX28,24.5,-0.021186441
20810,BGX28,24.7,0.007042254
20811,BGX28,24.4,-0.010511563
20812,BGX28,23.9,-0.017445918
20813,BGX28,25.5,0.055885435
20814,BGX28,25.8,0.01056338
20815,BGX28,25.7,-0.00349284
20816,BGX28,26.1,0.013831259
20817,BGX28,25.7,-0.013855213
20818,BGX28,25.2,-0.017458101
20819,BGX28,25.4,0.007005254
20820,BGX28,26.8,0.073336826
20821,BGX28,26.9,0.003455425
20822,BGX28,26.4,-0.026301946
20823,BGX28,27.3,0.031109575
20824,BGX28,27.7,0.013869626
20825,BGX28,27.9,0.007005254
20826,BGX28,28.7,0.028040659
20827,BGX28,28.9,0.007047216
20828,BGX28,28.2,-0.024441341
20829,BGX28,27.9,-0.010533708
20830,BGX28,27.3,-0.021119324
20831,BGX28,28.1,0.027777778
20832,BGX28,29.1,0.05279831
20833,BGX28,29,-0.004512635
20834,BGX28,30.1,0.058635394
20835,BGX28,30.3,0.010422095
20836,BGX28,29.4,-0.04697286
20837,BGX28,29.6,0.010460251
20838,BGX28,29.9,0.015682175
20839,BGX28,29.7,-0.010454783
20840,BGX28,30.4,0.028044872
20841,BGX28,30.5,0.026737968
20842,BGX28,30.4,-0.005208333
20843,BGX28,29.3,-0.057261843
20844,BGX28,29.8,0.026041667
20845,BGX28,30.4,0.031380753
20846,BGX28,30.7,0.015649452
20847,BGX28,30.1,-0.031347962
20848,BGX28,30.7,0.031347962
20849,BGX28,30.6,-0.005219207
20850,BGX28,28.5,-0.109717868
20851,BGX28,26.7,-0.093798854
20852,BGX28,26.9,0.010400416
20853,BGX28,26.9,0
20854,BGX28,26.7,-0.01048218
20855,BGX28,26.7,0
20856,BGX28,26.8,0.005213764
20857,BGX28,26.8,0
20858,BGX28,27.2,0.020822488
20859,BGX28,26.9,-0.015608741
20860,BGX28,26.7,-0.010416667
20861,BGX28,26.8,0.005219207
20862,BGX28,26.4,-0.020876827
20863,BGX28,26.3,-0.005205622
20864,BGX28,26.7,0.020876827
20865,BGX28,26.9,0.006958942
20866,BGX28,27,0.005230126
20867,BGX28,25.6,-0.073030777
20868,BGX28,25.8,0.006961364
20869,BGX28,26.2,0.013898541
20870,BGX28,25,-0.041681139
20871,BGX28,27.5,0.086896072
20872,BGX28,28.7,0.062663185
20873,BGX28,28.4,-0.015625
20874,BGX28,27.8,-0.031298905
20875,BGX28,28.8,0.034626039
20876,BGX28,29,0.006961364
20877,BGX28,28.4,-0.020905923
20878,BGX28,29.3,0.031293463
20879,BGX28,30,0.024356298
20880,BGX28,29.8,-0.006791171
20881,BGX28,29.7,-0.003469813
20882,BGX28,29.5,-0.010411244
20883,BGX28,28.99,-0.017776229
20884,BGX28,28.55,-0.01526188
20885,BGX28,27.58,-0.033762617
20886,BGX28,28.63,0.055002619
20887,BGX28,30.4,0.061565217
20888,BGX28,30.4,0
20889,BGX28,30.89,0.017079122
20890,BGX28,30.9,0.000348311
20891,BGX28,30.8,-0.005211047
20892,BGX28,30.85,0.001737921
20893,BGX28,30.86,0.000696379
20894,BGX28,30.88,0.00138217
20895,BGX28,30.48,-0.013893713
20896,BGX28,29.43,-0.036470997
20897,BGX28,29.13,-0.010434783
20898,BGX28,29.5,0.0290652
20899,BGX28,29.96,0.028732042
20900,BGX28,29.78,-0.006256517
20901,BGX28,29.66,-0.01087942
20902,BGX28,29.5,-0.010891763
20903,BX357,0,0.007514009
20904,BX357,0.46,0.019878997
20905,BX357,0.54,0.002873563
20906,BX357,0.18,-0.013358071
20907,BX357,0.09,-0.00329429
20908,BX357,0.17,0.002886003
20909,BX357,0.3,0.004659498
20910,BX357,0.32,0.000716076
20911,BX357,0.09,-0.008243728
20912,BX357,0.43,0.011992945
20913,BX357,0.27,-0.005616006
20914,BX357,0.28,0.000347705
20915,BX357,0.3,0.000791139
20916,BX357,0.1,-0.006934813
20917,BX357,0.2,0.003477051
20918,BX357,0.3,0.003480682
20919,BX357,0.2,-0.003461405
20920,BX357,0.2,0
20921,BX357,0.2,0
20922,BX357,0.2,0
20923,BX357,0.2,0
20924,BX357,0.3,0.003506311
20925,BX357,0.3,0
20926,BX357,0.4,0.003497726
20927,BX357,0.3,-0.003523608
20928,BX357,0.3,0
20929,BX357,0.3,0
20930,BX357,0.2,-0.003463803
20931,BX357,0.3,0.003480682
20932,BX357,0.5,0.007047216
20933,BX357,0.5,0
20934,BX357,0.5,0
20935,BX357,0.6,0.003466205
20936,BX357,0.7,0.00349284
20937,BX357,0.7,0
20938,BX357,0.7,0
20939,BX357,0.7,0
20940,BX357,0.8,0.003487967
20941,BX357,0.7,-0.003471017
20942,BX357,0.6,-0.003496503
20943,BX357,0.6,0
20944,BX357,0.7,0.00349162
20945,BX357,0.7,0
20946,BX357,0.8,0.003479471
20947,BX357,0.9,0.003502627
20948,BX357,1,0.003478261
20949,BX357,1,0
20950,BX357,0.5,-0.017349063
20951,BX357,0.6,0.003529827
20952,BX357,0.8,0.006942034
20953,BX357,1,0.00698324
20954,BX357,1,0
20955,BX357,0.9,-0.003519887
20956,BX357,1.2,0.010434783
20957,BX357,1.4,0.006830601
20958,BX357,2.5,0.038394415
20959,BX357,3.5,0.10373444
20960,BX357,4.6,0.115183246
20961,BX357,5.7,0.115183246
20962,BX357,6.9,0.12409514
20963,BX357,8.6,0.178010471
20964,BX357,9.9,0.134436401
20965,BX357,11.2,0.134158927
20966,BX357,12.5,0.136268344
20967,BX357,13.7,0.12526096
20968,BX357,14.9,0.12526096
20969,BX357,16.2,0.134715026
20970,BX357,17.4,0.124610592
20971,BX357,18.5,0.114822547
20972,BX357,19.2,0.07360673
20973,BX357,19.2,0
20974,BX357,17,-0.076655052
20975,BX357,16.03,-0.07716786
20976,BX357,14.8,-0.076731129
20977,BX357,13.3,-0.052410901
20978,BX357,13.5,0.00694927
20979,BX357,13.8,0.0104639
20980,BX357,14.2,0.013913043
20981,BX357,14.2,0
20982,BX357,14.2,0
20983,BX357,14.2,0
21779,BX457,0,0.007312049
21780,BX457,0.2,0.014662757
21781,BX457,0.3,0.003551136
21782,BX457,0.1,-0.007104796
21783,BX457,0.4,0.010653409
21784,BX457,0.3,-0.00533049
21785,BX457,0.5,0.021299255
21786,BX457,0.8,0.031982942
21787,BX457,0.8,0
21788,BX457,1.4,0.063965885
21789,BX457,2.3,0.090817356
21790,BX457,3.1,0.082815735
21791,BX457,4.1,0.105263158
21792,BX457,5.05,0.098958333
21793,BX457,6.02,0.100831601
21794,BX457,7,0.101871102
21795,BX457,8.5,0.15576324
21796,BX457,9.9,0.153846154
21797,BX457,10.9,0.104166667
21798,BX457,12.2,0.137420719
21799,BX457,13.2,0.103950104
21800,BX457,14.1,0.09375
21801,BX457,14.4,0.03125
21802,BX457,14.6,0.020790021
21803,BX457,15.1,0.052521008
21804,BX457,16.1,0.104166667
21805,BX457,17.5,0.145833333
21806,BX457,18.4,0.093167702
21807,BX457,19.3,0.094043887
21808,BX457,20.3,0.104166667
21809,BX457,21.4,0.114583333
21810,BX457,22.5,0.114345114
21811,BX457,23.6,0.114226376
21812,BX457,25.1,0.15576324
21813,BX457,26.3,0.130434783
21814,BX457,27.4,0.114226376
21815,BX457,28.8,0.145530146
21816,BX457,29.8,0.103950104
21817,BX457,31.2,0.145833333
21818,BX457,32.7,0.156739812
21819,BX457,33.8,0.114345114
21820,BX457,34.8,0.104493208
21821,BX457,35.9,0.114345114
21822,BX457,36.9,0.104166667
21823,BX457,37.9,0.103519669
21824,BX457,38.9,0.104058273
21825,BX457,40,0.1144641
21826,BX457,41.4,0.146290491
21827,BX457,42.5,0.114107884
21828,BX457,44,0.156087409
21829,BX457,46.5,0.131027254
21830,BX457,46.4,-0.003467406
21831,BX457,46.3,-0.003361345
21832,BX457,46.2,-0.003467406
21833,BX457,45.3,-0.031217482
21834,BX457,44.3,-0.034590107
21835,BX457,43.9,-0.0138217
21836,BX457,43.4,-0.017295054
21837,BX457,42.3,-0.038088643
21838,BX457,43.1,0.027672086
21839,BX457,42.9,-0.006918021
21840,BX457,42.2,-0.024263432
21841,BX457,42.8,0.020790021
21842,BX457,43,0.006932409
21843,BX457,42.3,-0.024364775
21844,BX457,43.1,0.027748873
21845,BX457,43.9,0.027748873
21846,BX457,42.5,-0.048392672
21847,BX457,43.5,0.034614053
21848,BX457,43.7,0.006934813
21849,BX457,42.8,-0.031131097
21850,BX457,43.6,0.027662517
21851,BX457,43.8,0.006927607
21852,BX457,43.3,-0.017307027
21853,BX457,42.7,-0.020739717
21854,BX457,44,0.045201669
21855,BX457,44.4,0.013850416
21856,BX457,43.9,-0.017349063
21857,BX457,43.1,-0.027662517
21858,BX457,41.6,-0.052065255
21859,BX457,42.1,0.017301038
21860,BX457,43,0.031206657
21861,BX457,43.9,0.031120332
21862,BX457,44.7,0.027816412
21863,BX457,44.1,-0.020804438
21864,BX457,45.4,0.045076283
21865,BX457,46.7,0.045060659
21866,BX457,46.4,-0.01039141
21867,BX457,45.4,-0.034638033
21868,BX457,44.1,-0.044967139
21869,BX457,44.2,0.003467406
21870,BX457,45.9,0.058986815
21871,BX457,45.4,-0.017367141
21872,BX457,44.5,-0.031195841
21873,BX457,45.3,0.027729636
21874,BX457,46.2,0.031152648
21875,BX457,46.1,-0.003465003
21876,BX457,45.1,-0.034782609
21877,BX457,45.2,0.003462604
21878,BX457,45.5,0.010409438
21879,BX457,44.7,-0.027662517
21880,BX457,44.1,-0.02078282
21881,BX457,45.5,0.048459675
21882,BX457,46,0.017313019
21883,BX457,45.2,-0.027729636
21884,BX457,44.6,-0.020920502
21885,BX457,45.7,0.036900369
21886,BX457,45.6,-0.003461405
21887,BX457,44.9,-0.024297119
21888,BX457,44.9,0
21889,BX457,43.7,-0.041681139
21890,BX457,43.2,-0.017361111
21891,BX457,42.2,-0.034614053
21892,BX457,41.6,-0.020775623
21893,BX457,42.4,0.027710426
21894,BX457,42.45,0.003717472
21895,BX457,42.5,0.003244646
21896,BX457,42.39,-0.010367578
21897,BX457,42.2,-0.010393873
21898,BX457,41.8,-0.013836043
21899,BX457,41.4,-0.01384083
21900,BX457,41.8,0.013826478
21901,BX457,41.8,0
21902,BX457,41.8,0
21903,BX457,41.72,-0.006535948
21904,BX457,41.6,-0.007181329
21905,BX457,41.51,-0.0036
21906,BX457,41.5,-0.002583979
21907,BX457,41.5,0
21908,BX458,0,0.015461997
21909,BX458,0.21,0.011111111
21910,BX458,0.18,-0.001070664
21911,BX458,0.18,0
21912,BX458,0.25,0.002477876
21913,BX458,0.25,0
21914,BX458,0.16,-0.003207413
21915,BX458,0.21,0.001775568
21916,BX458,0.24,0.001057082
21917,BX458,0.24,0
21918,BX458,0.26,0.000695652
21919,BX458,0.15,-0.00382875
21920,BX458,0.18,0.001049685
21921,BX458,0.21,0.001052262
21922,BX458,0.36,0.005255781
21923,BX458,0.2,-0.005629838
21924,BX458,0.16,-0.001404494
21925,BX458,0.25,0.003156787
21926,BX458,0.57,0.01122807
21927,BX458,0.98,0.014380919
21928,BX458,0.82,-0.005604203
21929,BX458,0.97,0.005210142
21930,BX458,0.7,-0.010448916
21931,BX458,0.8,0.003503854
21932,BX458,0.8,0
21933,BX458,0.8,0
21934,BX458,0.7,-0.003508772
21935,BX458,0.7,0
21936,BX458,0.6,-0.003510004
21937,BX458,0.6,0
21938,BX458,0.7,0.003517411
21939,BX458,0.7,0
21940,BX458,0.7,0
21941,BX458,0.8,0.003471017
21942,BX458,0.9,0.003473428
21943,BX458,1.1,0.007039775
21944,BX458,1.3,0.00678196
21945,BX458,2,0.024621878
21946,BX458,3,0.035816619
21947,BX458,2.9,-0.003415301
21948,BX458,3,0.003489184
21949,BX458,3,0
21950,BX458,1.9,-0.038610039
21951,BX458,1.8,-0.00348675
21952,BX458,1.9,0.01039501
21953,BX458,2,0.003503854
21954,BX458,2.2,0.006951686
21955,BX458,2.5,0.015731515
21956,BX458,1.8,-0.024441341
21957,BX458,0.8,-0.03500175
21958,BX458,0.7,-0.003495281
21959,BX458,0.8,0.003485535
21960,BX458,1,0.007017544
21961,BX458,1.6,0.021015762
21962,BX458,2.1,0.017452007
21963,BX458,2,-0.003495281
21964,BX458,2,0
21965,BX458,2.3,0.010438413
21966,BX458,2.4,0.003506311
21967,BX458,2.6,0.006927607
21968,BX458,2.5,-0.003466205
21969,BX458,2.5,0
21970,BX458,2.7,0.020833333
21971,BX458,3,0.030991736
21972,BX458,4.1,0.113285273
21973,BX458,5.3,0.12371134
21974,BX458,6.1,0.082474227
21975,BX458,7.3,0.126582278
21976,BX458,8.9,0.165975104
21977,BX458,10.4,0.155925156
21978,BX458,12.5,0.220125786
21979,BX458,13.6,0.115667718
21980,BX458,14.9,0.137130802
21981,BX458,15,0.010582011
21982,BX458,16.2,0.041450777
21983,BX458,16.4,0.020790021
21984,BX458,19.1,0.14025974
21985,BX458,19.7,0.063291139
21986,BX458,20.1,0.020855057
21987,BX458,20.4,0.010013351
21988,BX458,21.1,0.024407252
21989,BX458,21.6,0.017513135
21990,BX458,22.3,0.024441341
21991,BX458,23.1,0.027787426
21992,BX458,23.7,0.021037868
21993,BX458,23.8,0.003508772
21994,BX458,23.8,0
21995,BX458,24,0.007037298
21996,BX458,24.1,0.003466205
21997,BX458,23.8,-0.010478519
21998,BX458,23.4,-0.013947001
21999,BX458,23.3,-0.003518649
22000,BX458,24,0.024578652
22001,BX458,24.7,0.02443281
22002,BX458,26.2,0.052264808
22003,BX458,26.4,0.00700035
22004,BX458,27.3,0.031206657
22005,BX458,27.2,-0.003507541
22006,BX458,27.1,-0.003510004
22007,BX458,27.1,0
22008,BX458,26.6,-0.017476407
22009,BX458,26.9,0.010438413
22010,BX458,27.3,0.013986014
22011,BX458,27.5,0.007015082
22012,BX458,27.5,0
22013,BX458,27.6,0.003503854
22014,BX458,28.6,0.040584416
22015,BX458,27.1,-0.078698846
22016,BX458,26.2,-0.095846645
22017,BX458,25.1,-0.057682223
22018,BX458,25,-0.010570825
22019,BX458,25,0
22020,BX458,25,0
22021,BX458,24.3,-0.024415766
22022,BX458,24.3,0
22023,BX458,24.1,-0.006968641
22024,BX458,23.7,-0.01394214
22025,BX458,23.4,-0.010522624
22026,BX458,23.1,-0.010431154
22027,BX458,22.8,-0.010456605
22028,BX458,22.1,-0.024647887
22029,BX458,21.8,-0.010471204
22030,BX458,21.2,-0.020862309
22031,BX458,20.5,-0.036706869
22032,BX458,20.7,0.010649627
22033,BX458,23.12,0.084733894
22034,BX458,24.57,0.075995807
22035,BX458,25.41,0.02940147
22036,BX458,25.76,0.036082474
22037,BX458,25.89,0.013584117
22038,BX458,25.98,0.004759387
22039,BX458,25.27,-0.03711448
22040,BX458,24.92,-0.018363064
22041,BX458,24.84,-0.004197272
22042,BX458,24.09,-0.03914405
22043,BX458,25.49,0.047716428
22044,BX458,26.46,0.053326003
22045,BX458,25.89,-0.03012685
22046,BX458,26.73,0.029463346
22047,BX458,26.15,-0.028712871
22048,BX458,26.02,-0.004528039
22049,BX458,25.27,-0.026187151
22050,BX458,24.09,-0.04124432
22051,BX458,22.77,-0.046397188
22052,BX458,22.11,-0.023125438
22053,BX458,21.71,-0.013961606
22054,BX458,21.75,0.006861063
22055,BX458,21.89,0.006153846
22056,BX458,22.02,0.004504505
22057,BX458,21.93,-0.009513742
22058,BX458,21.93,0
22059,BX458,22.2,0.022978723
22060,BX458,22.11,-0.003119584
22061,BX458,22.11,0
22062,BX458,21.89,-0.007670851
22063,BX458,22.02,0.004493605
22064,BX458,21.85,-0.005960729
22065,BX458,21.98,0.004513889
22066,BX458,21.63,-0.014625992
22067,BX458,21.63,0
22210,BX683,0,0.005510828
22211,BX683,0.16,0.008738394
22212,BX683,0.09,-0.002511661
22213,BX683,0.03,-0.002143623
22214,BX683,0.09,0.002147459
22215,BX683,0.08,-0.000356252
22216,BX683,0.04,-0.001427042
22217,BX683,0.16,0.004288778
22218,BX683,0.14,-0.000722804
22219,BX683,0.02,-0.004285714
22220,BX683,0.37,0.012589928
22221,BX683,0.26,-0.003934192
22222,BX683,0.1,-0.006441224
22223,BX683,0.2,0.003581662
22224,BX683,0.1,-0.003473428
22225,BX683,0.1,0
22226,BX683,0.2,0.003441156
22227,BX683,0.2,0
22228,BX683,0.3,0.005159959
22229,BX683,0.2,-0.005162623
22230,BX683,0.2,0
22231,BX683,0.3,0.003454231
22232,BX683,0.3,0
22233,BX683,0.4,0.003484321
22234,BX683,0.5,0.003450656
22235,BX683,0.6,0.003449465
22236,BX683,0.6,0
22237,BX683,0.5,-0.003469813
22238,BX683,0.5,0
22239,BX683,0.5,0
22240,BX683,0.4,-0.003479471
22241,BX683,0.4,0
22242,BX683,0.4,0
22243,BX683,0.4,0
22244,BX683,0.4,0
22245,BX683,0.4,0
22246,BX683,0.4,0
22247,BX683,0.3,-0.003481894
22248,BX683,0.3,0
22249,BX683,0.3,0
22250,BX683,0.3,0
22251,BX683,0.3,0
22252,BX683,0.4,0.003442341
22253,BX683,0.5,0.003448276
22254,BX683,0.4,-0.003457815
22255,BX683,0.6,0.006901311
22256,BX683,0.7,0.003402518
22257,BX683,0.8,0.003466205
22258,BX683,1,0.006889425
22259,BX683,1.6,0.020675396
22260,BX683,1.9,0.010384216
22261,BX683,1.7,-0.006896552
22262,BX683,1.5,-0.006932409
22263,BX683,0.8,-0.024407252
22264,BX683,1.1,0.010460251
22265,BX683,1.3,0.006903693
22266,BX683,1.4,0.003468609
22267,BX683,1.5,0.003485535
22268,BX683,0.9,-0.020703934
22269,BX683,0.9,0
22270,BX683,1.1,0.006934813
22271,BX683,1.6,0.017265193
22272,BX683,2,0.013807387
22273,BX683,2.4,0.013855213
22274,BX683,2.2,-0.00691085
22275,BX683,2.9,0.023817625
22276,BX683,2.9,0
22277,BX683,2.6,-0.010420285
22278,BX683,2.9,0.010359116
22279,BX683,2.8,-0.003457815
22280,BX683,2.8,0
22281,BX683,3,0.006896552
22282,BX683,3.6,0.020625645
22283,BX683,3.73,0.01344364
22284,BX683,3.74,0.005847953
22285,BX683,3.8,0.00754717
22286,BX683,3.9,0.010362694
22287,BX683,4.3,0.041450777
22288,BX683,4.8,0.051706308
22289,BX683,5.9,0.114583333
22290,BX683,6.63,0.075883576
22291,BX683,7.26,0.065352697
22292,BX683,7.9,0.066115702
22293,BX683,9.4,0.154004107
22294,BX683,10.6,0.125
22295,BX683,12.1,0.15560166
22296,BX683,13.5,0.145833333
22297,BX683,15,0.15560166
22298,BX683,16.4,0.145228216
22299,BX683,18.2,0.19088017
22300,BX683,19.8,0.166666667
22301,BX683,21,0.123966942
22302,BX683,22.5,0.156739812
22303,BX683,23.4,0.093457944
22304,BX683,23.7,0.030927835
22305,BX683,24,0.031055901
22306,BX683,24.4,0.041580042
22307,BX683,24.7,0.030991736
22308,BX683,25.1,0.041493776
22309,BX683,25.8,0.036307054
22310,BX683,26.2,0.041322314
22311,BX683,26.3,0.005197505
22312,BX683,26.3,0
22313,BX683,26.5,0.010531859
22314,BX683,27.1,0.020790021
22315,BX683,27.8,0.02412961
22316,BX683,28,0.010476689
22317,BX683,28,0
22318,BX683,28.4,0.020811655
22319,BX683,29,0.031023785
22320,BX683,29.4,0.020671835
22321,BX683,29.6,0.020682523
22322,BX683,29.5,-0.010362694
22323,BX683,29.7,0.020746888
22324,BX683,29.8,0.010416667
22325,BX683,29.1,-0.034947579
22326,BX683,29.1,0
22327,BX683,29.2,0.010351967
22328,BX683,29.5,0.030959752
22329,BX683,29.7,0.020790021
22330,BX683,30.2,0.052687039
22331,BX683,30.5,0.030959752
22332,BX683,30.6,0.010319917
22333,BX683,29.3,-0.134436401
22334,BX683,28.4,-0.093071355
22335,BX683,28.4,0
22336,BX683,28.4,0
22337,BX683,29.4,0.051894136
22338,BX683,29.9,0.051759834
22339,BX683,30.6,0.073452256
22340,BX683,30.7,0.010438413
22341,BX683,29.7,-0.103950104
22342,BX683,28.7,-0.105932203
22343,BX683,28.7,0
22344,BX683,28.9,0.020639835
22345,BX683,29.2,0.031023785
22346,BX683,29.4,0.020661157
22347,BX683,29.6,0.020682523
22348,BX683,29.9,0.031055901
22349,BX683,30.2,0.031512605
22350,BX683,30.6,0.041407867
22351,BX683,31,0.041493776
22352,BX683,30.7,-0.031023785
22353,BX683,30.6,-0.010362694
22354,BX683,30.7,0.010537408
22355,BX683,30.8,0.010427529
22356,BX683,31.4,0.061983471
22357,BX683,31.8,0.041450777
22358,BX683,32.3,0.051599587
22359,BX683,32.8,0.05186722
22360,BX683,33.3,0.051813472
22361,BX683,33.9,0.0625
22362,BX683,34.1,0.008580009
22363,BX683,33.3,-0.027797081
22364,BX683,33.5,0.01056524
22365,BX683,33.3,-0.006968641
22366,BX683,33.1,-0.006887052
22367,BX683,33,-0.003456619
22368,BX683,32.8,-0.006920415
22369,BX683,32.6,-0.006908463
22370,BX683,32,-0.020696792
22371,BX683,31.7,-0.010362694
22372,BX683,31.1,-0.020898642
22373,BX683,31.8,0.024229837
22374,BX683,32.7,0.092497431
22375,BX683,33.2,0.051706308
22376,BX683,33.7,0.051546392
22377,BX683,34.8,0.113753878
22378,BX683,36.2,0.146596859
22379,BX683,38.4,0.227743271
22380,BX683,39.8,0.145228216
22381,BX683,41.3,0.158394931
22382,BX683,43.2,0.197916667
22383,BX683,43.5,0.031023785
22384,BX683,44.2,0.072614108
22385,BX683,45.5,0.137420719
22386,BX683,47.4,0.19895288
22387,BX683,48,0.062240664
22388,BX683,50.2,0.23255814
22389,BX683,50.5,0.031185031
22390,BX683,50.4,-0.010351967
22391,BX683,51.2,0.083160083
22392,BX683,51.9,0.073145246
22393,BX683,53.4,0.15576324
22394,BX683,54.7,0.134994808
22395,BX683,55.29,0.129102845
22396,BX683,55.9,0.127083333
22397,BX683,57,0.113989637
22398,BX683,57.9,0.093360996
22399,BX683,59,0.115183246
22400,BX683,60.2,0.124352332
22401,BX683,61.1,0.093457944
22402,BX683,61.4,0.031088083
22403,BX683,61.5,0.01048218
22404,BX683,61.5,0
22405,BX683,61.4,-0.01059322
22406,BX683,61.4,0
22407,BX683,61.5,0.010548523
22408,BX683,62.2,0.071721311
22409,BX683,63,0.082901554
22410,BX683,64,0.105374078
22411,BX683,64.5,0.051813472
22412,BX683,64.4,-0.005184033
22413,BX683,64.5,0.01039501
22414,BX683,64.4,-0.005197505
22415,BX683,64.3,-0.005238345
22416,BX683,64.3,0
22417,BX683,64.3,0
22418,BX683,64.7,0.024752475
22419,BX683,65.31,0.063343718
22420,BX683,65.81,0.05186722
22421,BX683,66.1,0.029713115
22422,BX683,66.1,0
22423,BX683,66.4,0.015625
22424,BX683,66.9,0.025866529
22425,BX683,66.9,0
22426,BX683,67.1,0.021008403
22427,BX683,67.4,0.031023785
22428,BX683,67.2,-0.021052632
22429,BX683,66.9,-0.031055901
22430,BX683,66.9,0
22431,BX683,67.1,0.010504202
22432,BX683,67.2,0.010582011
22433,BX683,67.1,-0.010660981
22434,BX683,67.1,0
22435,BX683,67,-0.01039501
22436,BX683,66.6,-0.020953379
22437,BX683,66.4,-0.010357328
22438,BX683,66.1,-0.015641293
22439,BX683,66.3,0.010373444
22440,BX683,66.4,0.010493179
22441,BX683,66.8,0.021493821
22442,BX683,66.8,0
22443,BX683,67.2,0.020920502
22444,BX683,67.6,0.020714656
22445,BX683,68.2,0.020725389
22446,BX683,68.5,0.015584416
22447,BX683,68.88,0.020708447
22448,BX683,68.9,0.022988506
22449,BX683,67.95,-0.099372385
22450,BX683,67.24,-0.036863967
22451,BX683,66.6,-0.066875653
22452,BX683,65.14,-0.050554017
22453,BX683,64.95,-0.006574394
22454,BX683,65.24,0.010034602
22455,BX683,65.5,0.013408974
22456,BX683,65.89,0.020291363
22457,BX683,66.07,0.009302326
22458,BX683,65.44,-0.021799308
22459,BX683,64.62,-0.028305143
22460,BX683,65.1,0.016678249
22461,BX683,65.51,0.021309771
22462,BX683,66.4,0.030817175
22463,BX683,66.77,0.013770004
22464,BX683,66.8,0.016042781
22465,BX683,66.7,-0.005221932
22466,BX683,66.7,0
22467,BX683,66.7,0
22468,BX683,66.7,0
22767,BX697,0,0.014681928
22768,BX697,0.26,0.019908116
22769,BX697,0.33,0.002428869
22770,BX697,0.46,0.004727273
22771,BX697,0.49,0.001096091
22772,BX697,0.62,0.004725554
22773,BX697,0.6,-0.000717618
22774,BX697,0.49,-0.003959683
22775,BX697,0.63,0.005061461
22776,BX697,0.36,-0.00972973
22777,BX697,0.51,0.005292872
22778,BX697,0.6,0.003201708
22779,BX697,0.5,-0.015873016
22780,BX697,0.4,-0.00348675
22781,BX697,0.2,-0.006995453
22782,BX697,0.2,0
22783,BX697,0.3,0.003472222
22784,BX697,0.2,-0.003485535
22785,BX697,0.3,0.003485535
22786,BX697,0.4,0.003467406
22787,BX697,0.6,0.006894174
22788,BX697,0.7,0.003475843
22789,BX697,0.8,0.003479471
22790,BX697,1,0.006946857
22791,BX697,1.2,0.00691085
22792,BX697,1,-0.006934813
22793,BX697,0.8,-0.006990563
22794,BX697,0.7,-0.003447087
22795,BX697,0.5,-0.006922811
22796,BX697,0.6,0.003467406
22797,BX697,0.5,-0.003481894
22798,BX697,0.6,0.003469813
22799,BX697,1.1,0.017235436
22800,BX697,1.4,0.01035554
22801,BX697,1.3,-0.003484321
22802,BX697,1.3,0
22803,BX697,1.3,0
22804,BX697,1.5,0.006887052
22805,BX697,1.8,0.010373444
22806,BX697,2.1,0.010384216
22807,BX697,2.2,0.003441156
22808,BX697,2,-0.006918021
22809,BX697,2.1,0.003467406
22810,BX697,2,-0.003462604
22811,BX697,2.1,0.003519887
22812,BX697,2,-0.003448276
22813,BX697,2.5,0.051706308
22814,BX697,2.5,0
22815,BX697,2.6,0.010362694
22816,BX697,3.4,0.082901554
22817,BX697,4.3,0.094240838
22818,BX697,5,0.072388831
22819,BX697,6.3,0.135983264
22820,BX697,7.9,0.165460186
22821,BX697,9.2,0.134715026
22822,BX697,10.6,0.145530146
22823,BX697,11.2,0.062565172
22824,BX697,12.5,0.134436401
22825,BX697,13.6,0.114226376
22826,BX697,15.2,0.165289256
22827,BX697,16,0.082730093
22828,BX697,19.2,0.110688343
22829,BX697,19.1,-0.003432887
22830,BX697,19.4,0.010323469
22831,BX697,21.1,0.059212818
22832,BX697,21.2,0.003468609
22833,BX697,22.9,0.059254096
22834,BX697,24.5,0.055904962
22835,BX697,24.7,0.006887052
22836,BX697,24.9,0.006930007
22837,BX697,24.3,-0.02084057
22838,BX697,24.2,-0.003456619
22839,BX697,25,0.027662517
22840,BX697,25.2,0.006927607
22841,BX697,24.6,-0.020855057
22842,BX697,24,-0.02073255
22843,BX697,23.9,-0.003471017
22844,BX697,24.1,0.006954103
22845,BX697,23.9,-0.00694927
22846,BX697,24.1,0.006920415
22847,BX697,24.1,0
22848,BX697,24.1,0
22849,BX697,24.1,0
22850,BX697,23.6,-0.017349063
22851,BX697,23.7,0.003451847
22852,BX697,23.8,0.003471017
22853,BX697,22.7,-0.038101836
22854,BX697,23,0.010319917
22855,BX697,23,0
22856,BX697,23.4,0.013788349
22857,BX697,25.2,0.062391681
22858,BX697,24.5,-0.024313998
22859,BX697,23.4,-0.059945504
22860,BX697,25.2,0.062090376
22861,BX697,24.7,-0.017464198
22862,BX697,24.8,0.003473428
22863,BX697,26.7,0.065857886
22864,BX697,26.2,-0.017307027
22865,BX697,25.9,-0.010334137
22866,BX697,26,0.003449465
22867,BX697,27.9,0.065653075
22868,BX697,27.3,-0.020768432
22869,BX697,26.8,-0.017211704
22870,BX697,26.1,-0.024096386
22871,BX697,26,-0.003467406
22872,BX697,25.5,-0.017307027
22873,BX697,26.1,0.020949721
22874,BX697,25.7,-0.013981125
22875,BX697,25.7,0
22876,BX697,25.89,0.032040472
22877,BX697,26.6,0.030990834
22878,BX697,26.7,0.003480682
22879,BX697,25.9,-0.027768136
22880,BX697,26.1,0.006934813
22881,BX697,26.6,0.017241379
22882,BX697,26,-0.020725389
22883,BX697,25.7,-0.01039501
22884,BX697,27.2,0.051759834
22885,BX697,26.7,-0.017325017
22886,BX697,26,-0.024162927
22887,BX697,25.7,-0.010369858
22888,BX697,24.7,-0.034566194
22889,BX697,24,-0.024364775
22890,BX697,23.2,-0.028459623
22891,BX697,22.3,-0.047046524
22892,BX697,23.8,0.0782881
22893,BX697,24,0.010416667
22894,BX697,24.2,0.006946857
22895,BX697,23.3,-0.046875
22896,BX697,24.5,0.062728698
22897,BX697,24.1,-0.013956734
22898,BX697,24.8,0.024390244
22899,BX697,24.5,-0.015641293
22900,BX697,26.24,0.090814196
22901,BX697,26.2,-0.002085506
22902,BX697,25.4,-0.027845458
22903,BX697,25.1,-0.015649452
22904,BX697,24.7,-0.020898642
22905,BX697,23.2,-0.052374302
22906,BX697,23.6,0.02093145
22907,BX697,24.92,0.066033017
22908,BX697,25.5,0.066285714
22909,BX697,25.5,0
22910,BX697,24.6,-0.031413613
22911,BX697,23.6,-0.052219321
22912,BX697,24.3,0.024347826
22913,BX697,24.1,-0.010460251
22914,BX697,25.5,0.073260073
22915,BX697,26,0.02617801
22916,BX697,25,-0.052083333
22917,BX697,24.08,-0.032100488
22918,BX697,25.8,0.059993024
22919,BX697,26.1,0.010413051
22920,BX697,25.5,-0.020768432
22921,BX697,25.5,0
22922,BX697,25.5,0
22923,BX697,25.5,0
22924,BX697,25.4,-0.003466205
22925,BX697,25.4,0
22926,BX697,25.4,0
22927,BX697,25.3,-0.00625
23828,BGX6,0,0.006385664
23829,BGX6,0.35,0.023163468
23830,BGX6,0.3,-0.001779359
23831,BGX6,0.35,0.001781896
23832,BGX6,0.16,-0.006780871
23833,BGX6,0.08,-0.002851033
23834,BGX6,0.03,-0.001778726
23835,BGX6,0.08,0.001783167
23836,BGX6,0.14,0.003717472
23837,BGX6,0.4,0.014031301
23838,BGX6,0.3,-0.003473428
23839,BGX6,0.33,0.001027046
23840,BGX6,0.37,0.001382648
23841,BGX6,0.4,0.001030928
23842,BGX6,0.4,0
23843,BGX6,0.43,0.001032702
23844,BGX6,0.47,0.001384083
23845,BGX6,0.5,0.001042391
23846,BGX6,0.47,-0.001032702
23847,BGX6,0.45,-0.000693481
23848,BGX6,0.43,-0.000692761
23849,BGX6,0.4,-0.001031992
23850,BGX6,0.45,0.001717623
23851,BGX6,0.5,0.001729505
23852,BGX6,0.55,0.001722356
23853,BGX6,0.6,0.001745201
23854,BGX6,0.57,-0.001037344
23855,BGX6,0.53,-0.00137741
23856,BGX6,0.5,-0.001037344
23857,BGX6,0.62,0.004160888
23858,BGX6,0.74,0.004132231
23859,BGX6,0.86,0.004149378
23860,BGX6,0.84,-0.000693481
23861,BGX6,0.82,-0.000688468
23862,BGX6,0.8,-0.000691324
23863,BGX6,0.5,-0.01039141
23864,BGX6,0.5,0
23865,BGX6,0.5,0
23866,BGX6,0.45,-0.001734305
23867,BGX6,0.4,-0.001735509
23868,BGX6,0.4,0
23869,BGX6,0.4,0
23870,BGX6,0.5,0.003427005
23871,BGX6,0.6,0.003475843
23872,BGX6,0.6,0
23873,BGX6,0.6,0
23874,BGX6,0.55,-0.00172117
23875,BGX6,0.5,-0.001732502
23876,BGX6,0.6,0.003473428
23877,BGX6,0.7,0.003461405
23878,BGX6,0.7,0
23879,BGX6,0.7,0
23880,BGX6,0.65,-0.001727116
23881,BGX6,0.6,-0.001730104
23882,BGX6,0.75,0.005183138
23883,BGX6,0.9,0.005163511
23884,BGX6,0.95,0.001736714
23885,BGX6,1,0.001730703
23886,BGX6,1.05,0.00172831
23887,BGX6,1.1,0.001730104
23888,BGX6,1.2,0.003461405
23889,BGX6,1.3,0.003439972
23890,BGX6,1.3,0
23891,BGX6,1.3,0
23892,BGX6,1.3,0
23893,BGX6,1.3,0
23894,BGX6,1.5,0.00691085
23895,BGX6,1.7,0.006887052
23896,BGX6,1.75,0.001724138
23897,BGX6,1.8,0.001721763
23898,BGX6,2.1,0.010284539
23899,BGX6,2.2,0.003473428
23900,BGX6,2,-0.006877579
23901,BGX6,2.15,0.005165289
23902,BGX6,2.1,-0.001738526
23903,BGX6,2.4,0.010366275
23904,BGX6,2.1,-0.010387812
23905,BGX6,2.1,0
23906,BGX6,2.1,0
23907,BGX6,2.35,0.008608815
23908,BGX6,2.3,-0.001729505
23909,BGX6,2.25,-0.001711743
23910,BGX6,2.2,-0.001729505
23911,BGX6,2.22,0.000697593
23912,BGX6,2.25,0.001034483
23913,BGX6,2.28,0.001036986
23914,BGX6,2.3,0.000695894
23915,BGX6,2.35,0.001727116
23916,BGX6,2.4,0.001737318
23917,BGX6,2.4,0
23918,BGX6,2.5,0.006105006
23919,BGX6,2.41,-0.003828158
23920,BGX6,2.3,-0.003816794
23921,BGX6,2.5,0.006896552
23922,BGX6,3,0.017146776
23923,BGX6,1.7,-0.04476584
23924,BGX6,0.9,-0.027624309
23925,BGX6,0.9,0
23926,BGX6,0.9,0
23927,BGX6,0.8,-0.003461405
23928,BGX6,0.7,-0.003463803
23929,BGX6,1.1,0.013816926
23930,BGX6,1.2,0.003356831
23931,BGX6,1.1,-0.003466205
23932,BGX6,1.1,0
23933,BGX6,1.4,0.010359116
23934,BGX6,1.8,0.013816926
23935,BGX6,1.6,-0.006927607
23936,BGX6,1.8,0.006925208
23937,BGX6,1.8,0
23938,BGX6,2.5,0.024204703
23939,BGX6,2.4,-0.003448276
23940,BGX6,3,0.020797227
23941,BGX6,4,0.034246575
23942,BGX6,4.2,0.020746888
23943,BGX6,5.1,0.09375
23944,BGX6,6.2,0.114942529
23945,BGX6,7.2,0.103092784
23946,BGX6,8.3,0.114583333
23947,BGX6,9.1,0.082304527
23948,BGX6,10.5,0.144329897
23949,BGX6,11.8,0.133744856
23950,BGX6,13.4,0.164102564
23951,BGX6,14.8,0.145681582
23952,BGX6,16.3,0.15641293
23953,BGX6,18,0.174897119
23954,BGX6,19.5,0.156903766
23955,BGX6,20.8,0.135557873
23956,BGX6,22,0.12526096
23957,BGX6,23.7,0.177638454
23958,BGX6,25,0.134994808
23959,BGX6,26.6,0.164102564
23960,BGX6,30,0.117039587
23961,BGX6,32,0.069300069
23962,BGX6,33.3,0.043874452
23963,BGX6,34.4,0.038075459
23964,BGX6,34.9,0.017349063
23965,BGX6,35.2,0.053956835
23966,BGX6,35.3,0.003463803
23967,BGX6,35.4,0.003443526
23968,BGX6,35.2,-0.006879945
23969,BGX6,34.2,-0.034818942
23970,BGX6,33.4,-0.02752925
23971,BGX6,31.4,-0.102880658
23972,BGX6,30.5,-0.092975207
23973,BGX6,30.8,0.015440041
23974,BGX6,30.3,-0.051440329
23975,BGX6,30.8,0.017313019
23976,BGX6,31.1,0.030959752
23977,BGX6,31.2,0.005194805
23978,BGX6,32.5,0.06795609
23979,BGX6,32.7,0.020768432
23980,BGX6,32.8,0.005138746
23981,BGX6,33.3,0.017199862
23982,BGX6,33.6,0.031152648
23983,BGX6,33.6,0
23984,BGX6,33.3,-0.062761506
23985,BGX6,34.6,0.045486354
23986,BGX6,34.6,0
23987,BGX6,34.2,-0.013783598
23988,BGX6,34.4,0.006884682
23989,BGX6,35,0.020761246
23990,BGX6,35.4,0.013812155
23991,BGX6,36.2,0.027729636
23992,BGX6,36.2,0
23993,BGX6,36.1,-0.003436426
23994,BGX6,36.2,0.003448276
23995,BGX6,36.3,0.003447087
23996,BGX6,36.3,0
23997,BGX6,37,0.024104683
23998,BGX6,37,0
23999,BGX6,37.1,0.003459011
24000,BGX6,37.1,0
24001,BGX6,36.4,-0.02412961
24002,BGX6,36.2,-0.006930007
24003,BGX6,35.3,-0.046656299
24004,BGX6,36.6,0.045201669
24005,BGX6,37,0.013986014
24006,BGX6,37,0
24007,BGX6,36.3,-0.074468085
24008,BGX6,36.2,-0.003858025
24009,BGX6,37.41,0.042605634
24010,BGX6,39.14,0.060278746
24011,BGX6,41.05,0.067491166
24012,BGX6,41.83,0.056603774
24013,BGX6,41.93,0.003457815
24014,BGX6,41.63,-0.010402219
24015,BGX6,42,0.012741047
24016,BGX6,41.8,-0.007968127
24017,BGX6,39.98,-0.078924545
24018,BGX6,39.5,-0.079866889
24019,BGX6,42.5,0.103305785
24020,BGX6,41.3,-0.041565639
24021,BGX6,42.6,0.044967139
24022,BGX6,42.9,0.010377032
24023,BGX6,43.1,0.00691085
24024,BGX6,43.3,0.006856359
24025,BGX6,43.07,-0.01023587
24026,BGX6,43,-0.010869565
24027,BGX6,43,0
